 a b c d e f g h i j k l m n o p q r s t u v w x y z - , .
^ 5445 1744 0 4225 1506 1338 2469 5284 4080 0 12156 0 6655 7599 9489 597 0 1588 10820 7901 2833 1 1799 61 3321 2663 0 28 2912
^a 156 53 0 44 18 13 44 78 369 0 354 0 208 544 68 23 0 1183 877 803 22 0 29 107 101 70 254 0 0
^b 546 4 0 0 230 0 0 0 177 0 0 0 0 0 407 0 0 0 0 0 339 0 0 0 41 0 0 0 0
^c 0 0 0 0 0 0 0 0 0 0 0 0 0 0 0 0 0 0 0 0 0 0 0 0 0 0 0 0 0
^d 1462 0 0 2 1361 0 0 0 0 0 0 0 0 0 1360 0 0 0 0 0 6 0 0 0 34 0 0 0 0
^e 31 23 0 40 104 1 33 57 133 0 74 0 297 191 6 1 0 104 66 69 9 0 4 103 8 12 93 0 0
^f 59 0 0 0 17 0 0 0 10 0 0 0 0 0 133 0 0 0 0 0 1119 0 0 0 0 0 0 0 0
^g 1097 0 0 0 392 0 3 0 100 0 0 0 0 0 645 0 0 0 0 0 118 0 0 0 114 0 0 0 0
^h 2475 0 0 0 316 0 0 6 1258 0 0 0 0 0 1182 0 0 0 0 0 0 0 0 0 47 0 0 0 0
^i 5 33 0 23 130 1 59 7 429 0 408 0 629 235 15 28 0 156 243 1204 7 0 40 1 338 64 4 0 0
^j 0 0 0 0 0 0 0 0 0 0 0 0 0 0 0 0 0 0 0 0 0 0 0 0 0 0 0 0 0
^k 3162 0 0 0 660 0 0 0 1615 0 13 0 0 0 3402 0 0 0 0 0 837 0 0 0 2467 0 0 0 0
^l 0 0 0 0 0 0 0 0 0 0 0 0 0 0 0 0 0 0 0 0 0 0 0 0 0 0 0 0 0
^m 2777 0 0 0 768 0 0 0 1180 0 0 0 0 0 1375 0 0 0 0 0 522 0 0 0 33 0 0 0 0
^n 3526 2 0 34 1008 12 5 9 1312 0 17 0 24 58 1229 4 0 3 21 12 120 0 4 7 132 20 0 0 0
^o 35 64 0 136 14 54 30 3310 298 0 1327 0 536 616 347 37 0 599 357 799 118 0 86 61 513 71 54 0 0
^p 195 0 0 0 76 0 0 0 67 0 0 0 0 0 140 6 0 0 0 0 106 0 0 0 7 0 0 0 0
^q 0 0 0 0 0 0 0 0 0 0 0 0 0 0 0 0 0 0 0 0 0 0 0 0 0 0 0 0 0
^r 412 0 0 0 329 0 0 0 380 0 0 0 0 0 212 0 0 0 0 0 75 0 0 0 180 0 0 0 0
^s 2694 0 0 0 910 0 0 0 2020 0 0 0 0 0 2825 0 0 0 23 0 1355 0 0 0 993 0 0 0 0
^t 2082 0 0 0 1061 0 0 0 652 0 0 0 0 0 1697 0 0 0 0 316 1060 0 0 0 1033 0 0 0 0
^u 34 8 0 54 43 26 39 84 34 0 65 0 250 1007 85 3 0 230 190 291 56 0 181 34 9 12 50 0 0
^v 1 0 0 0 0 0 0 0 0 0 0 0 0 0 0 0 0 0 0 0 0 0 0 0 0 0 0 0 0
^w 1634 0 0 0 3 0 0 0 4 0 0 0 0 0 158 0 0 0 0 0 0 0 0 0 0 0 0 0 0
^x 1 0 0 0 0 0 0 0 0 0 0 0 0 0 0 0 0 0 0 60 0 0 0 0 0 0 0 0 0
^y 1514 0 0 0 0 0 0 0 0 0 0 0 0 0 1218 0 0 0 0 0 588 0 0 0 1 0 0 0 0
^z 133 0 0 0 452 0 0 0 1215 0 0 0 0 0 33 0 0 0 0 0 110 0 0 0 720 0 0 0 0
^- 0 0 0 0 0 0 0 0 0 0 0 0 0 0 0 0 0 0 0 0 0 0 0 0 0 0 0 0 0
^, 0 0 0 0 0 0 0 0 0 0 0 0 0 0 0 0 0 0 0 0 0 0 0 0 0 0 0 5 3
^. 0 0 0 0 0 0 0 0 0 0 0 0 0 0 0 0 0 0 0 0 0 0 0 0 0 0 0 0 0
aa 4259 77 0 79 59 25 134 124 485 0 505 0 292 556 123 29 0 1801 675 1012 70 0 69 50 116 80 82 0 0
ab 1813 48 0 0 2595 0 0 0 818 0 0 0 0 0 422 0 0 0 0 0 1509 0 0 0 60 0 0 0 0
ac 0 0 0 0 0 0 0 0 0 0 0 0 0 0 0 0 0 0 0 0 0 0 0 0 0 0 0 0 0
ad 5346 0 0 65 5842 0 0 0 0 0 0 0 0 0 1923 0 0 0 0 0 165 0 0 0 142 0 0 0 0
ae 56 85 0 209 89 11 194 133 147 0 279 0 1074 922 25 8 0 2166 319 1184 26 0 56 14 95 365 34 0 0
af 38 0 0 0 77 56 0 0 14 0 0 0 0 0 72 0 0 0 0 0 1137 0 0 0 0 0 0 0 0
ag 5177 0 0 0 1649 0 92 0 2288 0 0 0 0 0 1058 0 0 0 0 0 601 0 0 0 203 0 0 0 0
ah 3948 0 0 0 580 0 0 114 1489 0 0 0 0 0 1427 0 0 0 0 0 0 0 0 0 71 0 0 0 0
ai 564 952 0 3560 543 567 1692 1708 2962 0 6385 0 4658 6681 666 329 0 1425 6097 7233 303 12 884 119 2154 2154 4 0 0
aj 0 0 0 0 0 0 0 0 0 0 0 0 0 0 0 0 0 0 0 0 0 0 0 0 0 0 0 0 0
ak 15212 0 0 0 6091 0 0 0 5091 0 2557 0 0 0 4011 0 0 0 0 0 12538 0 0 0 1312 0 0 0 0
al 0 0 0 0 0 0 0 0 0 0 0 0 0 0 0 0 0 0 0 0 0 0 0 0 0 0 0 0 0
am 7810 0 0 0 3412 0 0 0 3608 0 0 0 0 0 3456 0 0 0 0 0 2856 0 0 0 23 0 0 0 0
an 15193 2091 0 4801 3670 152 2212 1097 7722 0 4062 0 1297 4202 10145 575 0 452 2826 3861 418 1 461 37 785 1866 0 0 0
ao 45 99 0 202 17 31 102 241 257 0 901 0 660 523 328 19 0 653 709 614 261 0 204 10 198 62 32 0 0
ap 286 0 0 0 58 0 0 0 96 0 0 0 0 0 165 1331 0 0 0 0 117 0 0 0 11 0 0 0 0
aq 0 0 0 0 0 0 0 0 0 0 0 0 0 0 0 0 0 0 0 0 0 0 0 0 0 0 0 0 0
ar 16711 0 0 0 7435 0 0 0 9380 0 0 0 0 0 2147 0 0 12 0 0 7370 0 0 0 219 0 0 0 0
as 7538 0 0 0 3790 0 0 0 16634 0 0 0 0 0 2365 0 0 0 1140 0 13031 0 0 0 1662 0 0 0 0
at 9446 0 0 0 1731 0 0 0 2839 0 0 0 0 0 6981 0 0 0 0 15214 7189 0 0 0 1321 0 0 0 0
au 30 31 0 119 75 18 103 120 51 0 384 0 352 1201 45 6 0 285 373 555 43 0 94 13 164 86 17 0 0
av 0 0 0 0 2 0 0 0 0 0 0 0 0 0 0 0 0 0 0 0 4 0 0 0 0 0 0 0 0
aw 6742 0 0 0 4 0 0 0 0 0 0 0 0 0 896 0 0 0 0 0 0 0 0 0 0 0 0 0 0
ax 2235 0 0 0 0 0 0 0 0 0 0 0 0 0 0 0 0 0 0 650 43 0 0 0 0 0 0 0 0
ay 3952 0 0 0 0 0 0 0 0 0 0 0 0 0 8387 0 0 0 0 0 956 0 0 0 26 0 0 0 0
az 555 0 0 0 1615 0 0 0 3562 0 0 0 0 0 559 0 0 0 0 0 1246 0 0 0 1019 21 0 0 0
a- 103 148 0 468 33 64 178 201 227 0 452 0 368 509 67 42 0 159 536 609 67 0 96 9 63 147 0 0 0
a, 0 0 0 0 0 0 0 0 0 0 0 0 0 0 0 0 0 0 0 0 0 0 0 0 0 0 0 0 0
a. 0 0 0 0 0 0 0 0 0 0 0 0 0 0 0 0 0 0 0 0 0 0 0 0 0 0 0 0 0
ba 147 131 0 181 38 19 120 92 1618 0 1374 0 160 1906 57 17 0 1634 772 944 44 0 75 16 284 75 332 0 0
bb 22 0 0 0 32 0 0 0 2 0 0 0 0 0 10 0 0 0 0 0 13 0 0 0 2 0 0 0 0
bc 0 0 0 0 0 0 0 0 0 0 0 0 0 0 0 0 0 0 0 0 0 0 0 0 0 0 0 0 0
bd 0 0 0 0 0 0 0 0 0 0 0 0 0 0 0 0 0 0 0 0 0 0 0 0 0 0 0 0 0
be 16 44 0 79 53 1 41 35 139 0 272 0 135 921 25 11 0 750 192 1583 2 0 8 2 118 10 72 0 0
bf 0 0 0 0 0 0 0 0 0 0 0 0 0 0 0 0 0 0 0 0 0 0 0 0 0 0 0 0 0
bg 0 0 0 0 0 0 0 0 0 0 0 0 0 0 0 0 0 0 0 0 0 0 0 0 0 0 0 0 0
bh 0 0 0 0 0 0 0 0 0 0 0 0 0 0 0 0 0 0 0 0 0 0 0 0 0 0 0 0 0
bi 56 77 0 221 18 8 162 113 54 0 466 0 211 629 91 13 0 205 667 421 14 0 86 1 108 202 187 0 0
bj 0 0 0 0 0 0 0 0 0 0 0 0 0 0 0 0 0 0 0 0 0 0 0 0 0 0 0 0 0
bk 0 0 0 0 0 0 0 0 0 0 0 0 0 0 0 0 0 0 0 0 0 0 0 0 0 0 0 0 0
bl 0 0 0 0 0 0 0 0 0 0 0 0 0 0 0 0 0 0 0 0 0 0 0 0 0 0 0 0 0
bm 0 0 0 0 0 0 0 0 0 0 0 0 0 0 0 0 0 0 0 0 0 0 0 0 0 0 0 0 0
bn 0 0 0 0 0 0 0 0 0 0 0 0 0 0 0 0 0 0 0 0 0 0 0 0 0 0 0 0 0
bo 11 19 0 39 190 4 9 17 48 0 834 0 20 195 14 4 0 203 347 239 922 0 7 0 20 6 166 0 0
bp 0 0 0 0 0 0 0 0 0 0 0 0 0 0 0 0 0 0 0 0 0 0 0 0 0 0 0 0 0
bq 0 0 0 0 0 0 0 0 0 0 0 0 0 0 0 0 0 0 0 0 0 0 0 0 0 0 0 0 0
br 0 0 0 0 0 0 0 0 0 0 0 0 0 0 0 0 0 0 0 0 0 0 0 0 0 0 0 0 0
bs 0 0 0 0 0 0 0 0 0 0 0 0 0 0 0 0 0 0 0 0 0 0 0 0 0 0 0 0 0
bt 0 0 0 0 0 0 0 0 0 0 0 0 0 0 0 0 0 0 0 0 0 0 0 0 0 0 0 0 0
bu 44 71 0 393 21 16 69 121 116 0 631 0 95 2395 51 22 0 1224 550 816 10 1 45 17 362 129 48 0 0
bv 0 0 0 0 0 0 0 0 0 0 0 0 0 0 0 0 0 0 0 0 0 0 0 0 0 0 0 0 0
bw 0 0 0 0 0 0 0 0 0 0 0 0 0 0 0 0 0 0 0 0 0 0 0 0 0 0 0 0 0
bx 0 0 0 0 0 0 0 0 0 0 0 0 0 0 0 0 0 0 0 0 0 0 0 0 0 0 0 0 0
by 2 0 0 0 0 0 0 0 0 0 0 0 0 0 246 0 0 0 0 0 123 0 0 0 0 0 0 0 0
bz 0 0 0 0 0 0 0 0 0 0 0 0 0 0 0 0 0 0 0 0 0 0 0 0 0 0 0 0 0
b- 0 0 0 0 0 0 0 0 0 0 0 0 0 0 0 0 0 0 0 0 0 0 0 0 0 0 0 0 0
b, 0 0 0 0 0 0 0 0 0 0 0 0 0 0 0 0 0 0 0 0 0 0 0 0 0 0 0 0 0
b. 0 0 0 0 0 0 0 0 0 0 0 0 0 0 0 0 0 0 0 0 0 0 0 0 0 0 0 0 0
ca 0 0 0 0 0 0 0 0 0 0 0 0 0 0 0 0 0 0 0 0 0 0 0 0 0 0 0 0 0
cb 0 0 0 0 0 0 0 0 0 0 0 0 0 0 0 0 0 0 0 0 0 0 0 0 0 0 0 0 0
cc 0 0 0 0 0 0 0 0 0 0 0 0 0 0 0 0 0 0 0 0 0 0 0 0 0 0 0 0 0
cd 0 0 0 0 0 0 0 0 0 0 0 0 0 0 0 0 0 0 0 0 0 0 0 0 0 0 0 0 0
ce 0 0 0 0 0 0 0 0 0 0 0 0 0 0 0 0 0 0 0 0 0 0 0 0 0 0 0 0 0
cf 0 0 0 0 0 0 0 0 0 0 0 0 0 0 0 0 0 0 0 0 0 0 0 0 0 0 0 0 0
cg 0 0 0 0 0 0 0 0 0 0 0 0 0 0 0 0 0 0 0 0 0 0 0 0 0 0 0 0 0
ch 0 0 0 0 0 0 0 0 0 0 0 0 0 0 0 0 0 0 0 0 0 0 0 0 0 0 0 0 0
ci 0 0 0 0 0 0 0 0 0 0 0 0 0 0 0 0 0 0 0 0 0 0 0 0 0 0 0 0 0
cj 0 0 0 0 0 0 0 0 0 0 0 0 0 0 0 0 0 0 0 0 0 0 0 0 0 0 0 0 0
ck 0 0 0 0 0 0 0 0 0 0 0 0 0 0 0 0 0 0 0 0 0 0 0 0 0 0 0 0 0
cl 0 0 0 0 0 0 0 0 0 0 0 0 0 0 0 0 0 0 0 0 0 0 0 0 0 0 0 0 0
cm 0 0 0 0 0 0 0 0 0 0 0 0 0 0 0 0 0 0 0 0 0 0 0 0 0 0 0 0 0
cn 0 0 0 0 0 0 0 0 0 0 0 0 0 0 0 0 0 0 0 0 0 0 0 0 0 0 0 0 0
co 0 0 0 0 0 0 0 0 0 0 0 0 0 0 0 0 0 0 0 0 0 0 0 0 0 0 0 0 0
cp 0 0 0 0 0 0 0 0 0 0 0 0 0 0 0 0 0 0 0 0 0 0 0 0 0 0 0 0 0
cq 0 0 0 0 0 0 0 0 0 0 0 0 0 0 0 0 0 0 0 0 0 0 0 0 0 0 0 0 0
cr 0 0 0 0 0 0 0 0 0 0 0 0 0 0 0 0 0 0 0 0 0 0 0 0 0 0 0 0 0
cs 0 0 0 0 0 0 0 0 0 0 0 0 0 0 0 0 0 0 0 0 0 0 0 0 0 0 0 0 0
ct 0 0 0 0 0 0 0 0 0 0 0 0 0 0 0 0 0 0 0 0 0 0 0 0 0 0 0 0 0
cu 0 0 0 0 0 0 0 0 0 0 0 0 0 0 0 0 0 0 0 0 0 0 0 0 0 0 0 0 0
cv 0 0 0 0 0 0 0 0 0 0 0 0 0 0 0 0 0 0 0 0 0 0 0 0 0 0 0 0 0
cw 0 0 0 0 0 0 0 0 0 0 0 0 0 0 0 0 0 0 0 0 0 0 0 0 0 0 0 0 0
cx 0 0 0 0 0 0 0 0 0 0 0 0 0 0 0 0 0 0 0 0 0 0 0 0 0 0 0 0 0
cy 0 0 0 0 0 0 0 0 0 0 0 0 0 0 0 0 0 0 0 0 0 0 0 0 0 0 0 0 0
cz 0 0 0 0 0 0 0 0 0 0 0 0 0 0 0 0 0 0 0 0 0 0 0 0 0 0 0 0 0
c- 0 0 0 0 0 0 0 0 0 0 0 0 0 0 0 0 0 0 0 0 0 0 0 0 0 0 0 0 0
c, 0 0 0 0 0 0 0 0 0 0 0 0 0 0 0 0 0 0 0 0 0 0 0 0 0 0 0 0 0
c. 0 0 0 0 0 0 0 0 0 0 0 0 0 0 0 0 0 0 0 0 0 0 0 0 0 0 0 0 0
da 190 102 0 247 90 30 449 203 4683 0 4467 0 1091 3077 167 29 0 2248 2732 3343 149 0 291 55 2011 325 138 0 0
db 0 0 0 0 0 0 0 0 0 0 0 0 0 0 0 0 0 0 0 0 0 0 0 0 0 0 0 0 0
dc 0 0 0 0 0 0 0 0 0 0 0 0 0 0 0 0 0 0 0 0 0 0 0 0 0 0 0 0 0
dd 53 0 0 0 42 0 0 0 0 0 0 0 0 0 186 0 0 0 0 0 0 0 0 0 0 0 0 0 0
de 928 332 0 658 194 173 525 1190 989 0 3564 0 3219 3004 705 85 0 830 11104 2231 287 0 258 35 668 457 139 0 0
df 0 0 0 0 0 0 0 0 0 0 0 0 0 0 0 0 0 0 0 0 0 0 0 0 0 0 0 0 0
dg 0 0 0 0 0 0 0 0 0 0 0 0 0 0 0 0 0 0 0 0 0 0 0 0 0 0 0 0 0
dh 0 0 0 0 0 0 0 0 0 0 0 0 0 0 0 0 0 0 0 0 0 0 0 0 0 0 0 0 0
di 0 0 0 0 0 0 0 0 0 0 0 0 0 0 0 0 0 0 0 0 0 0 0 0 0 0 0 0 0
dj 0 0 0 0 0 0 0 0 0 0 0 0 0 0 0 0 0 0 0 0 0 0 0 0 0 0 0 0 0
dk 0 0 0 0 0 0 0 0 0 0 0 0 0 0 0 0 0 0 0 0 0 0 0 0 0 0 0 0 0
dl 0 0 0 0 0 0 0 0 0 0 0 0 0 0 0 0 0 0 0 0 0 0 0 0 0 0 0 0 0
dm 0 0 0 0 0 0 0 0 0 0 0 0 0 0 0 0 0 0 0 0 0 0 0 0 0 0 0 0 0
dn 0 0 0 0 0 0 0 0 0 0 0 0 0 0 0 0 0 0 0 0 0 0 0 0 0 0 0 0 0
do 216 126 0 428 128 56 263 320 577 0 1965 0 737 1964 297 53 0 1108 699 750 3388 0 176 22 602 156 191 0 0
dp 0 0 0 0 0 0 0 0 0 0 0 0 0 0 0 0 0 0 0 0 0 0 0 0 0 0 0 0 0
dq 0 0 0 0 0 0 0 0 0 0 0 0 0 0 0 0 0 0 0 0 0 0 0 0 0 0 0 0 0
dr 0 0 0 0 0 0 0 0 0 0 0 0 0 0 0 0 0 0 0 0 0 0 0 0 0 0 0 0 0
ds 0 0 0 0 0 0 0 0 0 0 0 0 0 0 0 0 0 0 0 0 0 0 0 0 0 0 0 0 0
dt 0 0 0 0 0 0 0 0 0 0 0 0 0 0 0 0 0 0 0 0 0 0 0 0 0 0 0 0 0
du 0 0 0 0 1 0 2 1 136 0 693 0 45 3 0 0 0 68 3 5 0 0 2 0 10 0 1 0 0
dv 0 0 0 0 0 0 0 0 0 0 0 0 0 0 0 0 0 0 0 0 0 0 0 0 0 0 0 0 0
dw 0 0 0 0 0 0 0 0 0 0 0 0 0 0 0 0 0 0 0 0 0 0 0 0 0 0 0 0 0
dx 0 0 0 0 0 0 0 0 0 0 0 0 0 0 0 0 0 0 0 0 0 0 0 0 0 0 0 0 0
dy 4 0 0 0 0 0 0 0 530 0 0 0 0 0 0 0 0 0 0 0 0 0 0 0 0 0 0 0 0
dz 0 0 0 0 0 0 0 0 0 0 0 0 0 0 0 0 0 0 0 0 0 0 0 0 0 0 0 0 0
d- 0 0 0 0 0 0 0 0 0 0 0 0 0 0 0 0 0 0 0 0 0 0 0 0 0 0 0 0 0
d, 0 0 0 0 0 0 0 0 0 0 0 0 0 0 0 0 0 0 0 0 0 0 0 0 0 0 0 0 0
d. 0 0 0 0 0 0 0 0 0 0 0 0 0 0 0 0 0 0 0 0 0 0 0 0 0 0 0 0 0
ea 17 23 0 18 32 5 218 18 161 0 178 0 73 218 26 6 0 663 277 476 23 0 25 11 15 12 20 0 0
eb 1704 7 0 0 255 0 0 0 482 0 0 0 0 0 272 0 0 0 0 0 373 0 0 0 103 0 0 0 0
ec 0 0 0 0 0 0 0 0 0 0 0 0 0 0 0 0 0 0 0 0 0 0 0 0 0 0 0 0 0
ed 1849 0 0 133 2587 0 0 0 0 0 0 0 0 0 3733 0 0 0 0 0 45 0 0 0 82 0 0 0 0
ee 23 3 0 30 1418 4 67 22 58 0 83 0 495 219 27 3 0 49 115 96 10 0 9 9 60 23 35 0 0
ef 22 0 0 0 2 3 0 0 4 0 0 0 0 0 58 0 0 0 0 0 573 0 0 0 0 0 0 0 0
eg 2834 0 0 0 209 0 8 0 108 0 0 0 0 0 486 0 0 0 0 0 239 0 0 0 51 0 0 0 0
eh 2913 0 0 0 396 0 0 39 810 0 0 0 0 0 704 0 0 0 0 0 0 0 0 0 29 0 0 0 0
ei 154 316 0 862 197 111 909 510 647 0 2280 0 614 1575 123 91 0 1059 1687 2286 415 0 371 7 391 624 0 0 0
ej 0 0 0 0 0 0 0 0 0 0 0 0 0 0 0 0 0 0 0 0 0 0 0 0 0 0 0 0 0
ek 4256 0 0 0 377 0 0 0 6846 0 1077 0 0 0 2027 0 0 0 0 0 3079 0 0 0 436 0 0 0 0
el 0 0 0 0 0 0 0 0 0 0 0 0 0 0 0 0 0 0 0 0 0 0 0 0 0 0 0 0 0
em 3003 0 0 0 462 0 0 0 5313 0 0 0 0 0 4843 0 0 0 0 0 1215 0 0 0 6 0 0 0 0
en 6116 567 0 1656 1376 66 779 489 3146 0 2906 0 856 2314 2528 533 0 754 3479 2647 224 0 404 12 519 1163 0 0 0
eo 11 32 0 56 12 12 11 98 148 0 460 0 313 196 75 9 0 286 134 231 45 0 95 3 47 23 20 0 0
ep 103 0 0 0 14 0 0 0 27 0 0 0 0 0 246 80 0 0 0 0 45 0 0 0 2 0 0 0 0
eq 0 0 0 0 0 0 0 0 0 0 0 0 0 0 0 0 0 0 0 0 0 0 0 0 0 0 0 0 0
er 1924 0 0 0 1189 0 0 0 1644 0 0 0 0 0 1682 0 0 9 0 0 9721 0 0 0 62 0 0 0 0
es 1831 0 0 0 419 0 0 0 4246 0 0 0 0 0 932 0 0 0 460 0 10077 0 0 0 1085 0 0 0 0
et 7593 0 0 0 6652 0 0 0 309 0 0 0 0 0 1794 0 0 0 0 2781 2820 0 0 0 951 0 0 0 0
eu 3 4 0 20 9 7 38 6 9 0 33 0 98 203 6 1 0 153 66 217 1 0 21 2 0 10 4 0 0
ev 0 0 0 0 0 0 0 0 1 0 0 0 0 0 0 0 0 0 0 0 0 0 0 0 0 0 0 0 0
ew 680 0 0 0 1 0 0 0 6 0 0 0 0 0 776 0 0 0 0 0 0 0 0 0 0 0 0 0 0
ex 1 0 0 0 635 0 0 0 0 0 0 0 0 0 0 0 0 0 0 393 0 0 0 0 17 0 0 0 0
ey 1444 0 0 0 0 0 0 0 0 0 0 0 0 0 1701 0 0 0 0 0 292 0 0 0 10 0 0 0 0
ez 307 0 0 0 285 0 0 0 523 0 0 0 0 0 62 0 0 0 0 0 600 0 0 0 499 20 0 0 0
e- 23 56 0 98 22 10 28 35 36 0 212 0 366 222 21 39 0 363 332 355 14 0 33 10 66 402 0 0 0
e, 0 0 0 0 0 0 0 0 0 0 0 0 0 0 0 0 0 0 0 0 0 0 0 0 0 0 0 0 0
e. 0 0 0 0 0 0 0 0 0 0 0 0 0 0 0 0 0 0 0 0 0 0 0 0 0 0 0 0 0
fa 0 4 0 6 0 0 2 0 81 0 3 0 19 124 0 0 0 7 37 5 0 0 1 0 0 2 28 0 0
fb 0 0 0 0 0 0 0 0 0 0 0 0 0 0 0 0 0 0 0 0 0 0 0 0 0 0 0 0 0
fc 0 0 0 0 0 0 0 0 0 0 0 0 0 0 0 0 0 0 0 0 0 0 0 0 0 0 0 0 0
fd 0 0 0 0 0 0 0 0 0 0 0 0 0 0 0 0 0 0 0 0 0 0 0 0 0 0 0 0 0
fe 10 2 0 9 0 0 2 4 22 0 8 0 3 19 9 1 0 27 11 5 1 0 0 0 3 0 7 0 0
ff 3 0 0 0 5 0 0 0 0 0 0 0 0 0 5 0 0 0 0 0 95 0 0 0 0 0 0 0 0
fg 0 0 0 0 0 0 0 0 0 0 0 0 0 0 0 0 0 0 0 0 0 0 0 0 0 0 0 0 0
fh 0 0 0 0 0 0 0 0 0 0 0 0 0 0 0 0 0 0 0 0 0 0 0 0 0 0 0 0 0
fi 5 0 0 0 0 1 21 0 0 0 4 0 0 6 0 0 0 17 22 4 0 0 0 0 0 1 48 0 0
fj 0 0 0 0 0 0 0 0 0 0 0 0 0 0 0 0 0 0 0 0 0 0 0 0 0 0 0 0 0
fk 0 0 0 0 0 0 0 0 0 0 0 0 0 0 0 0 0 0 0 0 0 0 0 0 0 0 0 0 0
fl 0 0 0 0 0 0 0 0 0 0 0 0 0 0 0 0 0 0 0 0 0 0 0 0 0 0 0 0 0
fm 0 0 0 0 0 0 0 0 0 0 0 0 0 0 0 0 0 0 0 0 0 0 0 0 0 0 0 0 0
fn 0 0 0 0 0 0 0 0 0 0 0 0 0 0 0 0 0 0 0 0 0 0 0 0 0 0 0 0 0
fo 3 0 0 0 0 0 0 0 0 0 2 0 1 51 0 0 0 424 0 13 0 0 2 0 0 0 34 0 0
fp 0 0 0 0 0 0 0 0 0 0 0 0 0 0 0 0 0 0 0 0 0 0 0 0 0 0 0 0 0
fq 0 0 0 0 0 0 0 0 0 0 0 0 0 0 0 0 0 0 0 0 0 0 0 0 0 0 0 0 0
fr 0 0 0 0 0 0 0 0 0 0 0 0 0 0 0 0 0 0 0 0 0 0 0 0 0 0 0 0 0
fs 0 0 0 0 0 0 0 0 0 0 0 0 0 0 0 0 0 0 0 0 0 0 0 0 0 0 0 0 0
ft 0 0 0 0 0 0 0 0 0 0 0 0 0 0 0 0 0 0 0 0 0 0 0 0 0 0 0 0 0
fu 95 48 0 129 134 226 70 113 136 0 1368 0 319 897 29 6 0 1133 317 971 559 0 86 38 144 305 30 0 0
fv 0 0 0 0 0 0 0 0 0 0 0 0 0 0 0 0 0 0 0 0 0 0 0 0 0 0 0 0 0
fw 0 0 0 0 0 0 0 0 0 0 0 0 0 0 0 0 0 0 0 0 0 0 0 0 0 0 0 0 0
fx 0 0 0 0 0 0 0 0 0 0 0 0 0 0 0 0 0 0 0 0 0 0 0 0 0 0 0 0 0
fy 0 0 0 0 0 0 0 0 0 0 0 0 0 0 0 0 0 0 0 0 0 0 0 0 0 0 0 0 0
fz 0 0 0 0 0 0 0 0 0 0 0 0 0 0 0 0 0 0 0 0 0 0 0 0 0 0 0 0 0
f- 0 0 0 0 0 0 0 0 0 0 0 0 0 0 0 0 0 0 0 0 0 0 0 0 0 0 0 0 0
f, 0 0 0 0 0 0 0 0 0 0 0 0 0 0 0 0 0 0 0 0 0 0 0 0 0 0 0 0 0
f. 0 0 0 0 0 0 0 0 0 0 0 0 0 0 0 0 0 0 0 0 0 0 0 0 0 0 0 0 0
ga 1139 252 0 924 704 202 293 973 3013 0 3787 0 1393 3366 1046 72 0 1366 2820 4397 547 0 670 24 669 515 76 0 0
gb 0 0 0 0 0 0 0 0 0 0 0 0 0 0 0 0 0 0 0 0 0 0 0 0 0 0 0 0 0
gc 0 0 0 0 0 0 0 0 0 0 0 0 0 0 0 0 0 0 0 0 0 0 0 0 0 0 0 0 0
gd 0 0 0 0 0 0 0 0 0 0 0 0 0 0 0 0 0 0 0 0 0 0 0 0 0 0 0 0 0
ge 10 28 0 119 62 22 37 51 192 0 519 0 97 2340 17 13 0 313 202 627 8 0 14 4 87 41 260 0 0
gf 0 0 0 0 0 0 0 0 0 0 0 0 0 0 0 0 0 0 0 0 0 0 0 0 0 0 0 0 0
gg 34 0 0 0 34 0 0 0 0 0 0 0 0 0 48 0 0 0 0 0 72 0 0 0 24 0 0 0 0
gh 0 0 0 0 0 0 0 0 0 0 0 0 0 0 0 0 0 0 0 0 0 0 0 0 0 0 0 0 0
gi 63 32 0 342 37 44 151 213 79 0 307 0 188 742 76 26 0 988 240 1416 110 0 199 9 134 130 37 0 0
gj 0 0 0 0 0 0 0 0 0 0 0 0 0 0 0 0 0 0 0 0 0 0 0 0 0 0 0 0 0
gk 0 0 0 0 0 0 0 0 0 0 0 0 0 0 0 0 0 0 0 0 0 0 0 0 0 0 0 0 0
gl 0 0 0 0 0 0 0 0 0 0 0 0 0 0 0 0 0 0 0 0 0 0 0 0 0 0 0 0 0
gm 0 0 0 0 0 0 0 0 0 0 0 0 0 0 0 0 0 0 0 0 0 0 0 0 0 0 0 0 0
gn 0 0 0 0 0 0 0 0 0 0 0 0 0 0 0 0 0 0 0 0 0 0 0 0 0 0 0 0 0
go 48 78 0 140 137 54 177 691 598 0 892 0 597 621 61 19 0 418 479 1095 681 0 42 5 198 2291 84 0 0
gp 0 0 0 0 0 0 0 0 0 0 0 0 0 0 0 0 0 0 0 0 0 0 0 0 0 0 0 0 0
gq 0 0 0 0 0 0 0 0 0 0 0 0 0 0 0 0 0 0 0 0 0 0 0 0 0 0 0 0 0
gr 0 0 0 0 0 0 0 0 0 0 0 0 0 0 0 0 0 0 0 0 0 0 0 0 0 0 0 0 0
gs 0 0 0 0 0 0 0 0 0 0 0 0 0 0 0 0 0 0 0 0 0 0 0 0 0 0 0 0 0
gt 0 0 0 0 0 0 0 0 0 0 0 0 0 0 0 0 0 0 0 0 0 0 0 0 0 0 0 0 0
gu 99 38 0 127 4 23 74 60 135 0 144 0 316 371 30 10 0 835 256 389 90 0 68 9 32 83 3 0 0
gv 0 0 0 0 0 0 0 0 0 0 0 0 0 0 0 0 0 0 0 0 0 0 0 0 0 0 0 0 0
gw 0 0 0 0 0 0 0 0 0 0 0 0 0 0 0 0 0 0 0 0 0 0 0 0 0 0 0 0 0
gx 0 0 0 0 0 0 0 0 0 0 0 0 0 0 0 0 0 0 0 0 0 0 0 0 0 0 0 0 0
gy 250 0 0 0 0 0 0 0 0 0 0 0 0 0 868 0 0 0 0 0 147 0 0 0 0 0 0 0 0
gz 0 0 0 0 0 0 0 0 0 0 0 0 0 0 0 0 0 0 0 0 0 0 0 0 0 0 0 0 0
g- 0 0 0 0 0 0 0 0 0 0 0 0 0 0 0 0 0 0 0 0 0 0 0 0 0 0 0 0 0
g, 0 0 0 0 0 0 0 0 0 0 0 0 0 0 0 0 0 0 0 0 0 0 0 0 0 0 0 0 0
g. 0 0 0 0 0 0 0 0 0 0 0 0 0 0 0 0 0 0 0 0 0 0 0 0 0 0 0 0 0
ha 1062 339 0 1373 169 157 596 1129 2355 0 2677 0 1592 4824 902 246 0 1360 2451 2842 438 0 335 164 5014 1572 129 0 0
hb 0 0 0 0 0 0 0 0 0 0 0 0 0 0 0 0 0 0 0 0 0 0 0 0 0 0 0 0 0
hc 0 0 0 0 0 0 0 0 0 0 0 0 0 0 0 0 0 0 0 0 0 0 0 0 0 0 0 0 0
hd 0 0 0 0 0 0 0 0 0 0 0 0 0 0 0 0 0 0 0 0 0 0 0 0 0 0 0 0 0
he 36 36 0 55 12 5 17 147 329 0 95 0 31 1222 19 1 0 97 60 248 13 0 5 38 187 9 42 0 0
hf 0 0 0 0 0 0 0 0 0 0 0 0 0 0 0 0 0 0 0 0 0 0 0 0 0 0 0 0 0
hg 0 0 0 0 0 0 0 0 0 0 0 0 0 0 0 0 0 0 0 0 0 0 0 0 0 0 0 0 0
hh 213 0 0 0 22 0 0 0 46 0 0 0 0 0 63 0 0 0 0 0 0 0 0 0 1 0 0 0 0
hi 36 99 0 517 66 20 316 226 167 0 894 0 591 781 42 31 0 1082 736 2313 58 0 71 17 208 146 139 0 0
hj 0 0 0 0 0 0 0 0 0 0 0 0 0 0 0 0 0 0 0 0 0 0 0 0 0 0 0 0 0
hk 0 0 0 0 0 0 0 0 0 0 0 0 0 0 0 0 0 0 0 0 0 0 0 0 0 0 0 0 0
hl 0 0 0 0 0 0 0 0 0 0 0 0 0 0 0 0 0 0 0 0 0 0 0 0 0 0 0 0 0
hm 0 0 0 0 0 0 0 0 0 0 0 0 0 0 0 0 0 0 0 0 0 0 0 0 0 0 0 0 0
hn 0 0 0 0 0 0 0 0 0 0 0 0 0 0 0 0 0 0 0 0 0 0 0 0 0 0 0 0 0
ho 16 45 0 420 34 12 47 95 124 0 513 0 172 2631 30 21 0 225 955 257 2951 0 38 12 28 57 137 0 0
hp 0 0 0 0 0 0 0 0 0 0 0 0 0 0 0 0 0 0 0 0 0 0 0 0 0 0 0 0 0
hq 0 0 0 0 0 0 0 0 0 0 0 0 0 0 0 0 0 0 0 0 0 0 0 0 0 0 0 0 0
hr 0 0 0 0 0 0 0 0 0 0 0 0 0 0 0 0 0 0 0 0 0 0 0 0 0 0 0 0 0
hs 0 0 0 0 0 0 0 0 0 0 0 0 0 0 0 0 0 0 0 0 0 0 0 0 0 0 0 0 0
ht 0 0 0 0 0 0 0 0 0 0 0 0 0 0 0 0 0 0 0 0 0 0 0 0 0 0 0 0 0
hu 0 0 0 0 0 0 0 0 0 0 0 0 0 0 0 0 0 0 0 0 0 0 0 0 0 0 0 0 0
hv 0 0 0 0 0 0 0 0 0 0 0 0 0 0 0 0 0 0 0 0 0 0 0 0 0 0 0 0 0
hw 0 0 0 0 0 0 0 0 0 0 0 0 0 0 0 0 0 0 0 0 0 0 0 0 0 0 0 0 0
hx 0 0 0 0 0 0 0 0 0 0 0 0 0 0 0 0 0 0 0 0 0 0 0 0 0 0 0 0 0
hy 85 0 0 0 0 0 0 0 0 0 0 0 0 0 457 0 0 0 0 0 4 0 0 0 0 0 0 0 0
hz 0 0 0 0 0 0 0 0 0 0 0 0 0 0 0 0 0 0 0 0 0 0 0 0 0 0 0 0 0
h- 0 0 0 0 0 0 0 0 0 0 0 0 0 0 0 0 0 0 0 0 0 0 0 0 0 0 0 0 0
h, 0 0 0 0 0 0 0 0 0 0 0 0 0 0 0 0 0 0 0 0 0 0 0 0 0 0 0 0 0
h. 0 0 0 0 0 0 0 0 0 0 0 0 0 0 0 0 0 0 0 0 0 0 0 0 0 0 0 0 0
ia 31 32 0 67 406 10 338 38 491 0 359 0 151 431 50 35 0 894 443 815 147 0 371 4 76 49 58 0 0
ib 1421 5 0 0 316 0 0 0 621 0 0 0 0 0 685 0 0 0 0 0 2044 0 0 0 44 0 0 0 0
ic 0 0 0 0 0 0 0 0 0 0 0 0 0 0 0 0 0 0 0 0 0 0 0 0 0 0 0 0 0
id 5241 0 0 30 7980 0 0 0 0 0 0 0 0 0 2028 0 0 0 0 0 292 0 0 0 70 0 0 0 0
ie 24 205 0 89 24 6 72 29 196 0 162 0 627 681 8 3 0 328 68 474 6 0 18 12 28 11 42 0 0
if 39 0 0 0 9 8 0 0 11 0 0 0 0 0 75 0 0 0 0 0 1527 0 0 0 0 0 0 0 0
ig 8429 0 0 0 886 0 24 0 523 0 0 0 0 0 1892 0 0 0 0 0 342 0 0 0 242 0 0 0 0
ih 6219 0 0 0 557 0 0 27 1275 0 0 0 0 0 1305 0 0 0 0 0 0 0 0 0 140 0 0 0 0
ii 96 77 0 904 112 29 162 220 1360 0 2228 0 443 2334 185 79 0 572 655 2608 92 0 255 17 791 296 1 0 0
ij 0 0 0 0 0 0 0 0 0 0 0 0 0 0 0 0 0 0 0 0 0 0 0 0 0 0 0 0 0
ik 13607 0 0 0 2801 0 0 0 5840 0 1254 0 0 0 5021 0 0 0 0 0 5165 0 0 0 1001 0 0 0 0
il 0 0 0 0 0 0 0 0 0 0 0 0 0 0 0 0 0 0 0 0 0 0 0 0 0 0 0 0 0
im 13461 0 0 0 2127 0 0 0 3011 0 0 0 0 0 4481 0 0 0 0 0 811 0 0 0 89 0 0 0 0
in 12500 391 0 1963 2296 77 1302 464 9034 0 1599 0 494 1810 9642 404 0 233 1841 1501 495 0 246 11 473 879 0 0 0
io 25 56 0 85 10 26 33 174 374 0 555 0 389 687 164 28 0 244 281 431 253 0 154 7 89 35 44 0 0
ip 288 0 0 0 56 0 0 0 101 0 0 0 0 0 154 1192 0 0 0 0 211 0 0 0 9 0 0 0 0
iq 0 0 0 0 0 0 0 0 0 0 0 0 0 0 0 0 0 0 0 0 0 0 0 0 0 0 0 0 0
ir 3047 0 0 0 1804 0 0 0 2033 0 0 0 0 0 2643 0 0 3 0 0 4364 0 0 0 501 0 0 0 0
is 4714 0 0 0 2132 0 0 0 7735 0 0 0 0 0 2277 0 0 0 1154 0 4223 0 0 0 2450 0 0 0 0
it 18727 0 0 0 12303 0 0 0 6506 0 0 0 0 0 7457 0 0 0 0 4430 5006 0 0 0 2189 0 0 0 0
iu 24 17 0 62 73 11 78 80 54 0 700 0 288 679 32 5 0 244 180 449 10 0 70 2 61 49 3 0 0
iv 0 0 0 0 0 0 0 0 1 0 0 0 0 0 0 0 0 0 0 0 12 0 0 0 0 0 0 0 0
iw 2541 0 0 0 1 0 0 0 9 0 0 0 0 0 2283 0 0 0 0 0 0 0 0 0 0 0 0 0 0
ix 0 0 0 0 0 0 0 0 0 0 0 0 0 0 0 0 0 0 0 397 0 0 0 0 0 0 0 0 0
iy 3851 0 0 0 0 0 0 0 0 0 0 0 0 0 4938 0 0 0 0 0 763 0 0 0 7 0 0 0 0
iz 398 0 0 0 912 0 0 0 2112 0 0 0 0 0 416 0 0 0 0 0 846 0 0 0 2678 9 0 0 0
i- 25 62 0 172 47 32 67 63 60 0 159 0 206 377 32 31 0 250 321 207 12 0 68 2 28 162 0 0 0
i, 0 0 0 0 0 0 0 0 0 0 0 0 0 0 0 0 0 0 0 0 0 0 0 0 0 0 0 0 0
i. 0 0 0 0 0 0 0 0 0 0 0 0 0 0 0 0 0 0 0 0 0 0 0 0 0 0 0 0 0
ja 0 0 0 0 0 0 0 0 0 0 0 0 0 0 0 0 0 0 0 0 0 0 0 0 0 0 0 0 0
jb 0 0 0 0 0 0 0 0 0 0 0 0 0 0 0 0 0 0 0 0 0 0 0 0 0 0 0 0 0
jc 0 0 0 0 0 0 0 0 0 0 0 0 0 0 0 0 0 0 0 0 0 0 0 0 0 0 0 0 0
jd 0 0 0 0 0 0 0 0 0 0 0 0 0 0 0 0 0 0 0 0 0 0 0 0 0 0 0 0 0
je 0 0 0 0 0 0 0 0 0 0 0 0 0 0 0 0 0 0 0 0 0 0 0 0 0 0 0 0 0
jf 0 0 0 0 0 0 0 0 0 0 0 0 0 0 0 0 0 0 0 0 0 0 0 0 0 0 0 0 0
jg 0 0 0 0 0 0 0 0 0 0 0 0 0 0 0 0 0 0 0 0 0 0 0 0 0 0 0 0 0
jh 0 0 0 0 0 0 0 0 0 0 0 0 0 0 0 0 0 0 0 0 0 0 0 0 0 0 0 0 0
ji 0 0 0 0 0 0 0 0 0 0 0 0 0 0 0 0 0 0 0 0 0 0 0 0 0 0 0 0 0
jj 0 0 0 0 0 0 0 0 0 0 0 0 0 0 0 0 0 0 0 0 0 0 0 0 0 0 0 0 0
jk 0 0 0 0 0 0 0 0 0 0 0 0 0 0 0 0 0 0 0 0 0 0 0 0 0 0 0 0 0
jl 0 0 0 0 0 0 0 0 0 0 0 0 0 0 0 0 0 0 0 0 0 0 0 0 0 0 0 0 0
jm 0 0 0 0 0 0 0 0 0 0 0 0 0 0 0 0 0 0 0 0 0 0 0 0 0 0 0 0 0
jn 0 0 0 0 0 0 0 0 0 0 0 0 0 0 0 0 0 0 0 0 0 0 0 0 0 0 0 0 0
jo 0 0 0 0 0 0 0 0 0 0 0 0 0 0 0 0 0 0 0 0 0 0 0 0 0 0 0 0 0
jp 0 0 0 0 0 0 0 0 0 0 0 0 0 0 0 0 0 0 0 0 0 0 0 0 0 0 0 0 0
jq 0 0 0 0 0 0 0 0 0 0 0 0 0 0 0 0 0 0 0 0 0 0 0 0 0 0 0 0 0
jr 0 0 0 0 0 0 0 0 0 0 0 0 0 0 0 0 0 0 0 0 0 0 0 0 0 0 0 0 0
js 0 0 0 0 0 0 0 0 0 0 0 0 0 0 0 0 0 0 0 0 0 0 0 0 0 0 0 0 0
jt 0 0 0 0 0 0 0 0 0 0 0 0 0 0 0 0 0 0 0 0 0 0 0 0 0 0 0 0 0
ju 0 0 0 0 0 0 0 0 0 0 0 0 0 0 0 0 0 0 0 0 0 0 0 0 0 0 0 0 0
jv 0 0 0 0 0 0 0 0 0 0 0 0 0 0 0 0 0 0 0 0 0 0 0 0 0 0 0 0 0
jw 0 0 0 0 0 0 0 0 0 0 0 0 0 0 0 0 0 0 0 0 0 0 0 0 0 0 0 0 0
jx 0 0 0 0 0 0 0 0 0 0 0 0 0 0 0 0 0 0 0 0 0 0 0 0 0 0 0 0 0
jy 0 0 0 0 0 0 0 0 0 0 0 0 0 0 0 0 0 0 0 0 0 0 0 0 0 0 0 0 0
jz 0 0 0 0 0 0 0 0 0 0 0 0 0 0 0 0 0 0 0 0 0 0 0 0 0 0 0 0 0
j- 0 0 0 0 0 0 0 0 0 0 0 0 0 0 0 0 0 0 0 0 0 0 0 0 0 0 0 0 0
j, 0 0 0 0 0 0 0 0 0 0 0 0 0 0 0 0 0 0 0 0 0 0 0 0 0 0 0 0 0
j. 0 0 0 0 0 0 0 0 0 0 0 0 0 0 0 0 0 0 0 0 0 0 0 0 0 0 0 0 0
ka 777 736 0 1353 2843 196 1162 764 6627 0 4941 0 3017 12246 1053 282 0 10446 4260 7181 644 0 2895 243 888 1168 355 0 0
kb 0 0 0 0 0 0 0 0 0 0 0 0 0 0 0 0 0 0 0 0 0 0 0 0 0 0 0 0 0
kc 0 0 0 0 0 0 0 0 0 0 0 0 0 0 0 0 0 0 0 0 0 0 0 0 0 0 0 0 0
kd 0 0 0 0 0 0 0 0 0 0 0 0 0 0 0 0 0 0 0 0 0 0 0 0 0 0 0 0 0
ke 76 273 0 3843 49 27 225 149 1909 0 867 0 339 3182 73 18 0 1109 756 2346 38 0 94 11 196 162 176 0 0
kf 0 0 0 0 0 0 0 0 0 0 0 0 0 0 0 0 0 0 0 0 0 0 0 0 0 0 0 0 0
kg 0 0 0 0 0 0 0 0 0 0 0 0 0 0 0 0 0 0 0 0 0 0 0 0 0 0 0 0 0
kh 0 0 0 0 0 0 0 0 0 0 0 0 0 0 0 0 0 0 0 0 0 0 0 0 0 0 0 0 0
ki 407 564 0 1823 161 92 1238 823 725 0 2041 0 2822 7061 465 76 0 2155 2076 5725 104 0 617 18 576 507 203 0 0
kj 0 0 0 0 0 0 0 0 0 0 0 0 0 0 0 0 0 0 0 0 0 0 0 0 0 0 0 0 0
kk 1559 0 0 0 616 0 0 0 864 0 0 0 0 0 1747 0 0 0 0 0 1444 0 0 0 413 0 0 0 0
kl 0 0 0 0 0 0 0 0 0 0 0 0 0 0 0 0 0 0 0 0 0 0 0 0 0 0 0 0 0
km 0 0 0 0 0 0 0 0 0 0 0 0 0 0 0 0 0 0 0 0 0 0 0 0 0 0 0 0 0
kn 0 0 0 0 0 0 0 0 0 0 0 0 0 0 0 0 0 0 0 0 0 0 0 0 0 0 0 0 0
ko 174 226 0 780 407 32 314 417 845 0 1959 0 1408 5697 123 70 0 2931 1563 4134 5785 0 606 12 353 236 335 0 0
kp 0 0 0 0 0 0 0 0 0 0 0 0 0 0 0 0 0 0 0 0 0 0 0 0 0 0 0 0 0
kq 0 0 0 0 0 0 0 0 0 0 0 0 0 0 0 0 0 0 0 0 0 0 0 0 0 0 0 0 0
kr 0 0 0 0 0 0 0 0 0 0 0 0 0 0 0 0 0 0 0 0 0 0 0 0 0 0 0 0 0
ks 0 0 0 0 0 0 0 0 0 0 0 0 0 0 0 0 0 0 0 0 0 0 0 0 0 0 0 0 0
kt 0 0 0 0 0 0 0 0 0 0 0 0 0 0 0 0 0 0 0 0 0 0 0 0 0 0 0 0 0
ku 378 694 0 2751 418 184 1050 1624 887 0 1818 0 1577 6138 684 84 0 5843 5145 4512 418 0 899 56 758 906 109 0 0
kv 0 0 0 0 0 0 0 0 0 0 0 0 0 0 0 0 0 0 0 0 0 0 0 0 0 0 0 0 0
kw 0 0 0 0 0 0 0 0 0 0 0 0 0 0 0 0 0 0 0 0 0 0 0 0 0 0 0 0 0
kx 0 0 0 0 0 0 0 0 0 0 0 0 0 0 0 0 0 0 0 0 0 0 0 0 0 0 0 0 0
ky 950 0 0 0 0 0 0 0 0 0 0 0 0 0 6632 0 0 0 0 0 1411 0 0 0 0 0 0 0 0
kz 0 0 0 0 0 0 0 0 0 0 0 0 0 0 0 0 0 0 0 0 0 0 0 0 0 0 0 0 0
k- 0 0 0 0 0 0 0 0 0 0 0 0 0 0 0 0 0 0 0 0 0 0 0 0 0 0 0 0 0
k, 0 0 0 0 0 0 0 0 0 0 0 0 0 0 0 0 0 0 0 0 0 0 0 0 0 0 0 0 0
k. 0 0 0 0 0 0 0 0 0 0 0 0 0 0 0 0 0 0 0 0 0 0 0 0 0 0 0 0 0
la 0 0 0 0 0 0 0 0 0 0 0 0 0 0 0 0 0 0 0 0 0 0 0 0 0 0 0 0 0
lb 0 0 0 0 0 0 0 0 0 0 0 0 0 0 0 0 0 0 0 0 0 0 0 0 0 0 0 0 0
lc 0 0 0 0 0 0 0 0 0 0 0 0 0 0 0 0 0 0 0 0 0 0 0 0 0 0 0 0 0
ld 0 0 0 0 0 0 0 0 0 0 0 0 0 0 0 0 0 0 0 0 0 0 0 0 0 0 0 0 0
le 0 0 0 0 0 0 0 0 0 0 0 0 0 0 0 0 0 0 0 0 0 0 0 0 0 0 0 0 0
lf 0 0 0 0 0 0 0 0 0 0 0 0 0 0 0 0 0 0 0 0 0 0 0 0 0 0 0 0 0
lg 0 0 0 0 0 0 0 0 0 0 0 0 0 0 0 0 0 0 0 0 0 0 0 0 0 0 0 0 0
lh 0 0 0 0 0 0 0 0 0 0 0 0 0 0 0 0 0 0 0 0 0 0 0 0 0 0 0 0 0
li 0 0 0 0 0 0 0 0 0 0 0 0 0 0 0 0 0 0 0 0 0 0 0 0 0 0 0 0 0
lj 0 0 0 0 0 0 0 0 0 0 0 0 0 0 0 0 0 0 0 0 0 0 0 0 0 0 0 0 0
lk 0 0 0 0 0 0 0 0 0 0 0 0 0 0 0 0 0 0 0 0 0 0 0 0 0 0 0 0 0
ll 0 0 0 0 0 0 0 0 0 0 0 0 0 0 0 0 0 0 0 0 0 0 0 0 0 0 0 0 0
lm 0 0 0 0 0 0 0 0 0 0 0 0 0 0 0 0 0 0 0 0 0 0 0 0 0 0 0 0 0
ln 0 0 0 0 0 0 0 0 0 0 0 0 0 0 0 0 0 0 0 0 0 0 0 0 0 0 0 0 0
lo 0 0 0 0 0 0 0 0 0 0 0 0 0 0 0 0 0 0 0 0 0 0 0 0 0 0 0 0 0
lp 0 0 0 0 0 0 0 0 0 0 0 0 0 0 0 0 0 0 0 0 0 0 0 0 0 0 0 0 0
lq 0 0 0 0 0 0 0 0 0 0 0 0 0 0 0 0 0 0 0 0 0 0 0 0 0 0 0 0 0
lr 0 0 0 0 0 0 0 0 0 0 0 0 0 0 0 0 0 0 0 0 0 0 0 0 0 0 0 0 0
ls 0 0 0 0 0 0 0 0 0 0 0 0 0 0 0 0 0 0 0 0 0 0 0 0 0 0 0 0 0
lt 0 0 0 0 0 0 0 0 0 0 0 0 0 0 0 0 0 0 0 0 0 0 0 0 0 0 0 0 0
lu 0 0 0 0 0 0 0 0 0 0 0 0 0 0 0 0 0 0 0 0 0 0 0 0 0 0 0 0 0
lv 0 0 0 0 0 0 0 0 0 0 0 0 0 0 0 0 0 0 0 0 0 0 0 0 0 0 0 0 0
lw 0 0 0 0 0 0 0 0 0 0 0 0 0 0 0 0 0 0 0 0 0 0 0 0 0 0 0 0 0
lx 0 0 0 0 0 0 0 0 0 0 0 0 0 0 0 0 0 0 0 0 0 0 0 0 0 0 0 0 0
ly 0 0 0 0 0 0 0 0 0 0 0 0 0 0 0 0 0 0 0 0 0 0 0 0 0 0 0 0 0
lz 0 0 0 0 0 0 0 0 0 0 0 0 0 0 0 0 0 0 0 0 0 0 0 0 0 0 0 0 0
l- 0 0 0 0 0 0 0 0 0 0 0 0 0 0 0 0 0 0 0 0 0 0 0 0 0 0 0 0 0
l, 0 0 0 0 0 0 0 0 0 0 0 0 0 0 0 0 0 0 0 0 0 0 0 0 0 0 0 0 0
l. 0 0 0 0 0 0 0 0 0 0 0 0 0 0 0 0 0 0 0 0 0 0 0 0 0 0 0 0 0
ma 387 209 0 3042 1490 58 676 505 1816 0 2054 0 1011 2980 206 46 0 1729 11261 4326 271 0 455 353 428 1449 128 0 0
mb 0 0 0 0 0 0 0 0 0 0 0 0 0 0 0 0 0 0 0 0 0 0 0 0 0 0 0 0 0
mc 0 0 0 0 0 0 0 0 0 0 0 0 0 0 0 0 0 0 0 0 0 0 0 0 0 0 0 0 0
md 0 0 0 0 0 0 0 0 0 0 0 0 0 0 0 0 0 0 0 0 0 0 0 0 0 0 0 0 0
me 94 81 0 967 66 59 547 180 980 0 468 0 415 2529 82 17 0 758 855 1954 32 0 130 29 180 296 432 0 0
mf 0 0 0 0 0 0 0 0 0 0 0 0 0 0 0 0 0 0 0 0 0 0 0 0 0 0 0 0 0
mg 0 0 0 0 0 0 0 0 0 0 0 0 0 0 0 0 0 0 0 0 0 0 0 0 0 0 0 0 0
mh 0 0 0 0 0 0 0 0 0 0 0 0 0 0 0 0 0 0 0 0 0 0 0 0 0 0 0 0 0
mi 352 83 0 969 384 56 607 409 149 0 1228 0 859 3446 182 27 0 1195 1223 4057 129 0 240 5 635 499 30 0 0
mj 0 0 0 0 0 0 0 0 0 0 0 0 0 0 0 0 0 0 0 0 0 0 0 0 0 0 0 0 0
mk 0 0 0 0 0 0 0 0 0 0 0 0 0 0 0 0 0 0 0 0 0 0 0 0 0 0 0 0 0
ml 0 0 0 0 0 0 0 0 0 0 0 0 0 0 0 0 0 0 0 0 0 0 0 0 0 0 0 0 0
mm 0 0 0 0 0 0 0 0 0 0 0 0 0 0 0 0 0 0 0 0 0 0 0 0 0 0 0 0 0
mn 0 0 0 0 0 0 0 0 0 0 0 0 0 0 0 0 0 0 0 0 0 0 0 0 0 0 0 0 0
mo 626 198 0 1190 376 254 550 617 1621 0 1863 0 907 3627 562 60 0 1269 2243 4039 2587 0 280 41 822 445 85 0 0
mp 0 0 0 0 0 0 0 0 0 0 0 0 0 0 0 0 0 0 0 0 0 0 0 0 0 0 0 0 0
mq 0 0 0 0 0 0 0 0 0 0 0 0 0 0 0 0 0 0 0 0 0 0 0 0 0 0 0 0 0
mr 0 0 0 0 0 0 0 0 0 0 0 0 0 0 0 0 0 0 0 0 0 0 0 0 0 0 0 0 0
ms 0 0 0 0 0 0 0 0 0 0 0 0 0 0 0 0 0 0 0 0 0 0 0 0 0 0 0 0 0
mt 0 0 0 0 0 0 0 0 0 0 0 0 0 0 0 0 0 0 0 0 0 0 0 0 0 0 0 0 0
mu 26 73 0 222 32 36 191 92 1519 0 1029 0 88 573 354 42 0 1416 1024 426 26 0 52 23 74 201 22 0 0
mv 0 0 0 0 0 0 0 0 0 0 0 0 0 0 0 0 0 0 0 0 0 0 0 0 0 0 0 0 0
mw 0 0 0 0 0 0 0 0 0 0 0 0 0 0 0 0 0 0 0 0 0 0 0 0 0 0 0 0 0
mx 0 0 0 0 0 0 0 0 0 0 0 0 0 0 0 0 0 0 0 0 0 0 0 0 0 0 0 0 0
my 13 0 0 0 0 0 0 0 0 0 0 0 0 0 169 0 0 0 0 0 49 0 0 0 0 0 0 0 0
mz 0 0 0 0 0 0 0 0 0 0 0 0 0 0 0 0 0 0 0 0 0 0 0 0 0 0 0 0 0
m- 0 0 0 0 0 0 0 0 0 0 0 0 0 0 0 0 0 0 0 0 0 0 0 0 0 0 0 0 0
m, 0 0 0 0 0 0 0 0 0 0 0 0 0 0 0 0 0 0 0 0 0 0 0 0 0 0 0 0 0
m. 0 0 0 0 0 0 0 0 0 0 0 0 0 0 0 0 0 0 0 0 0 0 0 0 0 0 0 0 0
na 620 344 0 997 282 97 3443 592 10875 0 6001 0 1727 10402 716 77 0 4542 2910 4686 1391 0 334 1247 569 1081 1072 0 0
nb 2159 0 0 0 176 0 0 0 371 0 0 0 0 0 245 0 0 0 0 0 842 0 0 0 52 0 0 0 0
nc 0 0 0 0 0 0 0 0 0 0 0 0 0 0 0 0 0 0 0 0 0 0 0 0 0 0 0 0 0
nd 5628 0 0 2 5298 0 0 0 0 0 0 0 0 0 1605 0 0 0 0 0 25 0 0 0 51 0 0 0 0
ne 188 273 0 277 617 49 743 215 242 0 887 0 1374 2257 253 20 0 629 650 1462 103 0 185 631 172 175 870 0 0
nf 35 0 0 0 3 2 0 0 8 0 0 0 0 0 32 0 0 0 0 0 322 0 0 0 0 0 0 0 0
ng 2990 0 0 0 574 0 2 0 118 0 0 0 0 0 772 0 0 0 0 0 792 0 0 0 122 0 0 0 0
nh 1915 0 0 0 217 0 0 2 258 0 0 0 0 0 268 0 0 0 0 0 0 0 0 0 25 0 0 0 0
ni 1126 324 0 1118 212 239 1088 2089 2235 0 4141 0 2333 6224 1045 672 0 428 3378 4780 387 0 455 26 841 662 306 0 0
nj 0 0 0 0 0 0 0 0 0 0 0 0 0 0 0 0 0 0 0 0 0 0 0 0 0 0 0 0 0
nk 4425 0 0 0 743 0 0 0 1821 0 8 0 0 0 1674 0 0 0 0 0 696 0 0 0 935 0 0 0 0
nl 0 0 0 0 0 0 0 0 0 0 0 0 0 0 0 0 0 0 0 0 0 0 0 0 0 0 0 0 0
nm 1320 0 0 0 407 0 0 0 478 0 0 0 0 0 1051 0 0 0 0 0 193 0 0 0 10 0 0 0 0
nn 4805 1 0 8 869 2 0 1 2654 0 4 0 5 89 3787 0 0 0 2 1 38 0 1 2 107 1 0 0 0
no 1001 960 0 2623 388 337 1498 4062 912 0 6333 0 2869 3830 1464 293 0 1386 4705 3453 2051 1 629 19 1297 1181 108 0 0
np 757 0 0 0 175 0 0 0 149 0 0 0 0 0 302 12 0 0 0 0 285 0 0 0 13 0 0 0 0
nq 0 0 0 0 0 0 0 0 0 0 0 0 0 0 0 0 0 0 0 0 0 0 0 0 0 0 0 0 0
nr 512 0 0 0 269 0 0 0 275 0 0 0 0 0 166 0 0 1 0 0 95 0 0 0 439 0 0 0 0
ns 1630 0 0 0 1619 0 0 0 2363 0 0 0 0 0 598 0 0 0 10 0 1174 0 0 0 2140 0 0 0 0
nt 1882 0 0 0 1500 0 0 0 700 0 0 0 0 0 4062 0 0 0 0 271 647 0 0 0 977 0 0 0 0
nu 12 42 0 22 33 8 74 32 62 0 336 0 97 220 19 3 0 189 108 119 11 0 34 9 25 16 23 0 0
nv 1 0 0 0 1 0 0 0 0 0 0 0 0 0 0 0 0 0 0 0 0 0 0 0 0 0 0 0 0
nw 496 0 0 0 1 0 0 0 3 0 0 0 0 0 885 0 0 0 0 0 0 0 0 0 0 0 0 0 0
nx 0 0 0 0 0 0 0 0 0 0 0 0 0 0 0 0 0 0 0 107 0 0 0 0 0 0 0 0 0
ny 1244 0 0 0 0 0 0 0 0 0 0 0 0 0 800 0 0 0 0 0 913 0 0 0 0 0 0 0 0
nz 341 0 0 0 660 0 0 0 1911 0 0 0 0 0 238 0 0 0 0 0 125 0 0 0 1471 2 0 0 0
n- 0 0 0 0 0 0 0 0 0 0 0 0 0 0 0 0 0 0 0 0 0 0 0 0 0 0 0 0 0
n, 0 0 0 0 0 0 0 0 0 0 0 0 0 0 0 0 0 0 0 0 0 0 0 0 0 0 0 0 0
n. 0 0 0 0 0 0 0 0 0 0 0 0 0 0 0 0 0 0 0 0 0 0 0 0 0 0 0 0 0
oa 21 35 0 39 18 14 89 26 352 0 262 0 106 504 51 41 0 813 378 574 11 0 33 6 38 79 28 0 0
ob 1309 6 0 0 358 0 0 0 645 0 0 0 0 0 729 0 0 0 0 0 676 0 0 0 33 0 0 0 0
oc 0 0 0 0 0 0 0 0 0 0 0 0 0 0 0 0 0 0 0 0 0 0 0 0 0 0 0 0 0
od 2965 0 0 18 4285 0 0 0 0 0 0 0 0 0 2293 0 0 0 0 0 83 0 0 0 68 0 0 0 0
oe 26 37 0 89 51 7 165 50 178 0 165 0 578 357 7 6 0 232 70 316 2 0 56 6 9 9 17 0 0
of 77 0 0 0 17 11 0 0 64 0 0 0 0 0 111 0 0 0 0 0 1280 0 0 0 0 0 0 0 0
og 3338 0 0 0 512 0 17 0 224 0 0 0 0 0 774 0 0 0 0 0 448 0 0 0 95 0 0 0 0
oh 9165 0 0 0 415 0 0 124 2122 0 0 0 0 0 1337 0 0 0 0 0 0 0 0 0 92 0 0 0 0
oi 82 103 0 577 256 22 131 171 1034 0 1128 0 597 1009 116 71 0 746 1190 1960 778 0 212 16 399 134 7 0 0
oj 0 0 0 0 0 0 0 0 0 0 0 0 0 0 0 0 0 0 0 0 0 0 0 0 0 0 0 0 0
ok 11692 0 0 0 1409 0 0 0 4032 0 944 0 0 0 6967 0 0 0 0 0 9951 0 0 0 873 0 0 0 0
ol 0 0 0 0 0 0 0 0 0 0 0 0 0 0 0 0 0 0 0 0 0 0 0 0 0 0 0 0 0
om 3459 0 0 0 2251 0 0 0 2842 0 0 0 0 0 6112 0 0 0 0 0 887 0 0 0 37 0 0 0 0
on 5877 556 0 2142 3687 39 681 336 5317 0 869 0 401 3008 6713 123 0 171 852 1416 156 0 132 12 382 548 0 0 0
oo 52 132 0 85 21 32 68 175 472 0 940 0 1628 544 2248 27 0 520 829 522 150 0 220 26 195 61 44 0 0
op 246 0 0 0 167 0 0 0 92 0 0 0 0 0 152 448 0 0 0 0 154 0 0 0 11 0 0 0 0
oq 0 0 0 0 0 0 0 0 0 0 0 0 0 0 0 0 0 0 0 0 0 0 0 0 0 0 0 0 0
or 2231 0 0 0 5467 0 0 0 4444 0 0 0 0 0 3511 0 0 6 0 0 1680 0 0 0 283 0 0 0 0
os 3564 0 0 0 1718 0 0 0 10134 0 0 0 0 0 2070 0 0 0 283 0 2676 0 0 0 1775 0 0 0 0
ot 2988 0 0 0 1425 0 0 0 2163 0 0 0 0 0 8129 0 0 0 0 4741 3000 0 0 0 1103 0 0 0 0
ou 567 1736 0 3547 684 396 4336 3937 1651 0 6267 0 2556 6700 659 99 0 1393 7569 3902 305 0 713 31 1095 2236 7 0 0
ov 1 0 0 0 0 0 0 0 0 0 0 0 0 0 0 0 0 0 0 0 0 0 0 0 0 0 0 0 0
ow 2788 0 0 0 12 0 0 0 5 0 0 0 0 0 1122 0 0 0 0 0 0 0 0 0 0 0 0 0 0
ox 0 0 0 0 0 0 0 0 0 0 0 0 0 0 84 0 0 0 0 340 53 0 0 0 0 0 0 0 0
oy 2932 0 0 0 0 0 0 0 0 0 0 0 0 0 2748 0 0 0 0 0 633 0 0 0 12 0 0 0 0
oz 2176 0 0 0 752 0 0 0 1594 0 0 0 0 0 241 0 0 0 0 0 142 0 0 0 1056 14 0 0 0
o- 127 49 0 317 26 11 167 143 66 0 292 0 210 273 63 76 0 467 553 516 48 1 16 17 54 85 0 0 0
o, 0 0 0 0 0 0 0 0 0 0 0 0 0 0 0 0 0 0 0 0 0 0 0 0 0 0 0 0 0
o. 0 0 0 0 0 0 0 0 0 0 0 0 0 0 0 0 0 0 0 0 0 0 0 0 0 0 0 0 0
pa 18 16 0 39 6 18 23 19 867 0 162 0 19 577 18 51 0 489 266 384 11 0 85 1 16 33 477 0 0
pb 0 0 0 0 0 0 0 0 0 0 0 0 0 0 0 0 0 0 0 0 0 0 0 0 0 0 0 0 0
pc 0 0 0 0 0 0 0 0 0 0 0 0 0 0 0 0 0 0 0 0 0 0 0 0 0 0 0 0 0
pd 0 0 0 0 0 0 0 0 0 0 0 0 0 0 0 0 0 0 0 0 0 0 0 0 0 0 0 0 0
pe 15 0 0 3 1 0 4 1 45 0 58 0 2 145 0 0 0 150 50 65 1 0 2 0 5 0 219 0 0
pf 0 0 0 0 0 0 0 0 0 0 0 0 0 0 0 0 0 0 0 0 0 0 0 0 0 0 0 0 0
pg 0 0 0 0 0 0 0 0 0 0 0 0 0 0 0 0 0 0 0 0 0 0 0 0 0 0 0 0 0
ph 0 0 0 0 0 0 0 0 0 0 0 0 0 0 0 0 0 0 0 0 0 0 0 0 0 0 0 0 0
pi 58 0 0 4 11 0 7 4 3 0 59 0 1 197 34 1 0 30 26 72 2 0 6 0 1 21 207 0 0
pj 0 0 0 0 0 0 0 0 0 0 0 0 0 0 0 0 0 0 0 0 0 0 0 0 0 0 0 0 0
pk 0 0 0 0 0 0 0 0 0 0 0 0 0 0 0 0 0 0 0 0 0 0 0 0 0 0 0 0 0
pl 0 0 0 0 0 0 0 0 0 0 0 0 0 0 0 0 0 0 0 0 0 0 0 0 0 0 0 0 0
pm 0 0 0 0 0 0 0 0 0 0 0 0 0 0 0 0 0 0 0 0 0 0 0 0 0 0 0 0 0
pn 0 0 0 0 0 0 0 0 0 0 0 0 0 0 0 0 0 0 0 0 0 0 0 0 0 0 0 0 0
po 2 0 0 37 3 3 18 8 290 0 112 0 22 750 5 68 0 141 99 116 110 0 11 8 49 24 331 0 0
pp 1365 0 0 0 36 0 0 0 107 0 0 0 0 0 891 0 0 0 0 0 705 0 0 0 117 0 0 0 0
pq 0 0 0 0 0 0 0 0 0 0 0 0 0 0 0 0 0 0 0 0 0 0 0 0 0 0 0 0 0
pr 0 0 0 0 0 0 0 0 0 0 0 0 0 0 0 0 0 0 0 0 0 0 0 0 0 0 0 0 0
ps 0 0 0 0 0 0 0 0 0 0 0 0 0 0 0 0 0 0 0 0 0 0 0 0 0 0 0 0 0
pt 0 0 0 0 0 0 0 0 0 0 0 0 0 0 0 0 0 0 0 0 0 0 0 0 0 0 0 0 0
pu 9 6 0 111 1 10 47 37 11 0 126 0 46 191 9 11 0 897 113 107 55 0 29 1 20 8 70 0 0
pv 0 0 0 0 0 0 0 0 0 0 0 0 0 0 0 0 0 0 0 0 0 0 0 0 0 0 0 0 0
pw 0 0 0 0 0 0 0 0 0 0 0 0 0 0 0 0 0 0 0 0 0 0 0 0 0 0 0 0 0
px 0 0 0 0 0 0 0 0 0 0 0 0 0 0 0 0 0 0 0 0 0 0 0 0 0 0 0 0 0
py 0 0 0 0 0 0 0 0 0 0 0 0 0 0 127 0 0 0 0 0 50 0 0 0 0 0 0 0 0
pz 0 0 0 0 0 0 0 0 0 0 0 0 0 0 0 0 0 0 0 0 0 0 0 0 0 0 0 0 0
p- 0 0 0 0 0 0 0 0 0 0 0 0 0 0 0 0 0 0 0 0 0 0 0 0 0 0 0 0 0
p, 0 0 0 0 0 0 0 0 0 0 0 0 0 0 0 0 0 0 0 0 0 0 0 0 0 0 0 0 0
p. 0 0 0 0 0 0 0 0 0 0 0 0 0 0 0 0 0 0 0 0 0 0 0 0 0 0 0 0 0
qa 0 0 0 0 0 0 0 0 0 0 0 0 0 0 0 0 0 0 0 0 0 0 0 0 0 0 0 0 0
qb 0 0 0 0 0 0 0 0 0 0 0 0 0 0 0 0 0 0 0 0 0 0 0 0 0 0 0 0 0
qc 0 0 0 0 0 0 0 0 0 0 0 0 0 0 0 0 0 0 0 0 0 0 0 0 0 0 0 0 0
qd 0 0 0 0 0 0 0 0 0 0 0 0 0 0 0 0 0 0 0 0 0 0 0 0 0 0 0 0 0
qe 0 0 0 0 0 0 0 0 0 0 0 0 0 0 0 0 0 0 0 0 0 0 0 0 0 0 0 0 0
qf 0 0 0 0 0 0 0 0 0 0 0 0 0 0 0 0 0 0 0 0 0 0 0 0 0 0 0 0 0
qg 0 0 0 0 0 0 0 0 0 0 0 0 0 0 0 0 0 0 0 0 0 0 0 0 0 0 0 0 0
qh 0 0 0 0 0 0 0 0 0 0 0 0 0 0 0 0 0 0 0 0 0 0 0 0 0 0 0 0 0
qi 0 0 0 0 0 0 0 0 0 0 0 0 0 0 0 0 0 0 0 0 0 0 0 0 0 0 0 0 0
qj 0 0 0 0 0 0 0 0 0 0 0 0 0 0 0 0 0 0 0 0 0 0 0 0 0 0 0 0 0
qk 0 0 0 0 0 0 0 0 0 0 0 0 0 0 0 0 0 0 0 0 0 0 0 0 0 0 0 0 0
ql 0 0 0 0 0 0 0 0 0 0 0 0 0 0 0 0 0 0 0 0 0 0 0 0 0 0 0 0 0
qm 0 0 0 0 0 0 0 0 0 0 0 0 0 0 0 0 0 0 0 0 0 0 0 0 0 0 0 0 0
qn 0 0 0 0 0 0 0 0 0 0 0 0 0 0 0 0 0 0 0 0 0 0 0 0 0 0 0 0 0
qo 0 0 0 0 0 0 0 0 0 0 0 0 0 0 0 0 0 0 0 0 0 0 0 0 0 0 0 0 0
qp 0 0 0 0 0 0 0 0 0 0 0 0 0 0 0 0 0 0 0 0 0 0 0 0 0 0 0 0 0
qq 0 0 0 0 0 0 0 0 0 0 0 0 0 0 0 0 0 0 0 0 0 0 0 0 0 0 0 0 0
qr 0 0 0 0 0 0 0 0 0 0 0 0 0 0 0 0 0 0 0 0 0 0 0 0 0 0 0 0 0
qs 0 0 0 0 0 0 0 0 0 0 0 0 0 0 0 0 0 0 0 0 0 0 0 0 0 0 0 0 0
qt 0 0 0 0 0 0 0 0 0 0 0 0 0 0 0 0 0 0 0 0 0 0 0 0 0 0 0 0 0
qu 0 0 0 0 0 0 0 0 0 0 0 0 0 0 0 0 0 0 0 0 0 0 0 0 0 0 0 0 0
qv 0 0 0 0 0 0 0 0 0 0 0 0 0 0 0 0 0 0 0 0 0 0 0 0 0 0 0 0 0
qw 0 0 0 0 0 0 0 0 0 0 0 0 0 0 0 0 0 0 0 0 0 0 0 0 0 0 0 0 0
qx 0 0 0 0 0 0 0 0 0 0 0 0 0 0 0 0 0 0 0 0 0 0 0 0 0 0 0 0 0
qy 0 0 0 0 0 0 0 0 0 0 0 0 0 0 0 0 0 0 0 0 0 0 0 0 0 0 0 0 0
qz 0 0 0 0 0 0 0 0 0 0 0 0 0 0 0 0 0 0 0 0 0 0 0 0 0 0 0 0 0
q- 0 0 0 0 0 0 0 0 0 0 0 0 0 0 0 0 0 0 0 0 0 0 0 0 0 0 0 0 0
q, 0 0 0 0 0 0 0 0 0 0 0 0 0 0 0 0 0 0 0 0 0 0 0 0 0 0 0 0 0
q. 0 0 0 0 0 0 0 0 0 0 0 0 0 0 0 0 0 0 0 0 0 0 0 0 0 0 0 0 0
ra 585 781 0 1326 369 221 775 948 3658 0 2996 0 1614 4734 714 120 0 1279 3552 1863 476 5 436 38 773 706 312 0 0
rb 0 0 0 0 0 0 0 0 0 0 0 0 0 0 0 0 0 0 0 0 0 0 0 0 0 0 0 0 0
rc 0 0 0 0 0 0 0 0 0 0 0 0 0 0 0 0 0 0 0 0 0 0 0 0 0 0 0 0 0
rd 0 0 0 0 0 0 0 0 0 0 0 0 0 0 0 0 0 0 0 0 0 0 0 0 0 0 0 0 0
re 95 1284 0 932 61 39 514 988 976 0 1219 0 966 2869 111 209 0 1918 1653 4397 63 0 196 21 281 317 432 0 0
rf 0 0 0 0 0 0 0 0 0 0 0 0 0 0 0 0 0 0 0 0 0 0 0 0 0 0 0 0 0
rg 0 0 0 0 0 0 0 0 0 0 0 0 0 0 0 0 0 0 0 0 0 0 0 0 0 0 0 0 0
rh 0 0 0 0 0 0 0 0 0 0 0 0 0 0 0 0 0 0 0 0 0 0 0 0 0 0 0 0 0
ri 1224 204 0 1581 174 134 2143 549 260 0 1774 0 2443 3056 369 153 0 320 2143 2044 141 0 251 69 645 320 714 0 0
rj 0 0 0 0 0 0 0 0 0 0 0 0 0 0 0 0 0 0 0 0 0 0 0 0 0 0 0 0 0
rk 0 0 0 0 0 0 0 0 0 0 0 0 0 0 0 0 0 0 0 0 0 0 0 0 0 0 0 0 0
rl 0 0 0 0 0 0 0 0 0 0 0 0 0 0 0 0 0 0 0 0 0 0 0 0 0 0 0 0 0
rm 0 0 0 0 0 0 0 0 0 0 0 0 0 0 0 0 0 0 0 0 0 0 0 0 0 0 0 0 0
rn 0 0 0 0 0 0 0 0 0 0 0 0 0 0 0 0 0 0 0 0 0 0 0 0 0 0 0 0 0
ro 144 134 0 451 164 108 466 294 788 0 1470 0 365 1262 128 164 0 172 1610 561 1471 0 126 16 229 422 699 0 0
rp 0 0 0 0 0 0 0 0 0 0 0 0 0 0 0 0 0 0 0 0 0 0 0 0 0 0 0 0 0
rq 0 0 0 0 0 0 0 0 0 0 0 0 0 0 0 0 0 0 0 0 0 0 0 0 0 0 0 0 0
rr 15 0 0 0 6 0 0 0 14 0 0 0 0 0 5 0 0 0 0 0 5 0 0 0 2 0 0 0 0
rs 0 0 0 0 0 0 0 0 0 0 0 0 0 0 0 0 0 0 0 0 0 0 0 0 0 0 0 0 0
rt 0 0 0 0 0 0 0 0 0 0 0 0 0 0 0 0 0 0 0 0 0 0 0 0 0 0 0 0 0
ru 311 447 0 1117 256 166 608 1389 998 0 4148 0 1384 5726 372 139 0 398 1837 3028 180 0 637 64 1654 716 236 0 0
rv 0 0 0 0 0 0 0 0 0 0 0 0 0 0 0 0 0 0 0 0 0 0 0 0 0 0 0 0 0
rw 0 0 0 0 0 0 0 0 0 0 0 0 0 0 0 0 0 0 0 0 0 0 0 0 0 0 0 0 0
rx 0 0 0 0 0 0 0 0 0 0 0 0 0 0 0 0 0 0 0 0 0 0 0 0 0 0 0 0 0
ry 257 0 0 0 0 0 0 0 0 0 0 0 0 0 2500 0 0 0 0 0 292 0 0 0 0 0 0 0 0
rz 0 0 0 0 0 0 0 0 0 0 0 0 0 0 0 0 0 0 0 0 0 0 0 0 0 0 0 0 0
r- 0 0 0 0 0 0 0 0 0 0 0 0 0 0 0 0 0 0 0 0 0 0 0 0 0 0 0 0 0
r, 0 0 0 0 0 0 0 0 0 0 0 0 0 0 0 0 0 0 0 0 0 0 0 0 0 0 0 0 0
r. 0 0 0 0 0 0 0 0 0 0 0 0 0 0 0 0 0 0 0 0 0 0 0 0 0 0 0 0 0
sa 86 536 0 273 129 29 807 236 5099 0 2784 0 3369 7285 96 111 0 1784 1803 1065 49 0 367 113 197 93 194 0 0
sb 0 0 0 0 0 0 0 0 0 0 0 0 0 0 0 0 0 0 0 0 0 0 0 0 0 0 0 0 0
sc 0 0 0 0 0 0 0 0 0 0 0 0 0 0 0 0 0 0 0 0 0 0 0 0 0 0 0 0 0
sd 0 0 0 0 0 0 0 0 0 0 0 0 0 0 0 0 0 0 0 0 0 0 0 0 0 0 0 0 0
se 25 122 0 162 28 10 144 57 4052 0 1170 0 329 4114 35 20 0 492 286 1603 31 0 64 5 131 88 117 0 0
sf 0 0 0 0 0 0 0 0 0 0 0 0 0 0 0 0 0 0 0 0 0 0 0 0 0 0 0 0 0
sg 0 0 0 0 0 0 0 0 0 0 0 0 0 0 0 0 0 0 0 0 0 0 0 0 0 0 0 0 0
sh 0 0 0 0 0 0 0 0 0 0 0 0 0 0 671 0 0 0 0 0 0 0 0 0 0 0 0 0 0
si 655 815 0 1007 493 122 1479 1151 3903 0 5641 0 4711 7858 372 239 0 2554 1736 15502 159 0 406 32 1306 464 197 0 0
sj 0 0 0 0 0 0 0 0 0 0 0 0 0 0 0 0 0 0 0 0 0 0 0 0 0 0 0 0 0
sk 0 0 0 0 0 0 0 0 0 0 0 0 0 0 0 0 0 0 0 0 0 0 0 0 0 0 0 0 0
sl 0 0 0 0 0 0 0 0 0 0 0 0 0 0 0 0 0 0 0 0 0 0 0 0 0 0 0 0 0
sm 0 0 0 0 0 0 0 0 0 0 0 0 0 0 0 0 0 0 0 0 0 0 0 0 0 0 0 0 0
sn 0 0 0 0 0 0 0 0 0 0 0 0 0 0 0 0 0 0 0 0 0 0 0 0 0 0 0 0 0
so 39 385 0 383 26 132 203 56 206 0 1341 0 195 2075 54 9 0 2092 605 475 4492 0 105 14 100 48 89 0 0
sp 0 0 0 0 0 0 0 0 0 0 0 0 0 0 0 0 0 0 0 0 0 0 0 0 0 0 0 0 0
sq 0 0 0 0 0 0 0 0 0 0 0 0 0 0 0 0 0 0 0 0 0 0 0 0 0 0 0 0 0
sr 0 0 0 0 0 0 0 0 0 0 0 0 0 0 0 0 0 0 0 0 0 0 0 0 0 0 0 0 0
ss 453 0 0 0 239 0 0 671 423 0 0 0 0 0 332 0 0 0 0 0 517 0 0 0 770 0 0 0 0
st 0 0 0 0 0 0 0 0 0 0 0 0 0 0 0 0 0 0 0 0 0 0 0 0 0 0 0 0 0
su 248 434 0 603 290 82 4458 376 1158 0 5634 0 2336 3022 273 378 0 3618 1220 3098 472 0 400 134 1657 998 165 0 0
sv 0 0 0 0 0 0 0 0 0 0 0 0 0 0 0 0 0 0 0 0 0 0 0 0 0 0 0 0 0
sw 0 0 0 0 0 0 0 0 0 0 0 0 0 0 0 0 0 0 0 0 0 0 0 0 0 0 0 0 0
sx 0 0 0 0 0 0 0 0 0 0 0 0 0 0 0 0 0 0 0 0 0 0 0 0 0 0 0 0 0
sy 3262 0 0 0 32 0 0 0 0 0 0 0 0 0 5938 0 0 0 0 0 4386 0 0 0 0 0 0 0 0
sz 0 0 0 0 0 0 0 0 0 0 0 0 0 0 0 0 0 0 0 0 0 0 0 0 0 0 0 0 0
s- 0 0 0 0 0 0 0 0 0 0 0 0 0 0 0 0 0 0 0 0 0 0 0 0 0 0 0 0 0
s, 0 0 0 0 0 0 0 0 0 0 0 0 0 0 0 0 0 0 0 0 0 0 0 0 0 0 0 0 0
s. 0 0 0 0 0 0 0 0 0 0 0 0 0 0 0 0 0 0 0 0 0 0 0 0 0 0 0 0 0
ta 683 2584 0 2119 614 147 961 1149 8608 0 6662 0 2675 7686 579 137 0 5068 4685 2999 254 0 608 73 1520 632 749 0 0
tb 0 0 0 0 0 0 0 0 0 0 0 0 0 0 0 0 0 0 0 0 0 0 0 0 0 0 0 0 0
tc 0 0 0 0 0 0 0 0 0 0 0 0 0 0 0 0 0 0 0 0 0 0 0 0 0 0 0 0 0
td 0 0 0 0 0 0 0 0 0 0 0 0 0 0 0 0 0 0 0 0 0 0 0 0 0 0 0 0 0
te 806 328 0 730 248 178 467 1090 4835 0 7721 0 4034 5732 891 82 0 5225 2374 3530 286 1 313 90 1116 285 149 0 0
tf 0 0 0 0 0 0 0 0 0 0 0 0 0 0 0 0 0 0 0 0 0 0 0 0 0 0 0 0 0
tg 0 0 0 0 0 0 0 0 0 0 0 0 0 0 0 0 0 0 0 0 0 0 0 0 0 0 0 0 0
th 0 0 0 0 0 0 0 0 0 0 0 0 0 0 0 0 0 0 0 0 0 0 0 0 0 0 0 0 0
ti 225 636 0 805 104 61 1588 806 485 0 2079 0 905 2830 182 76 0 795 855 1081 116 0 422 16 395 701 280 0 0
tj 0 0 0 0 0 0 0 0 0 0 0 0 0 0 0 0 0 0 0 0 0 0 0 0 0 0 0 0 0
tk 0 0 0 0 0 0 0 0 0 0 0 0 0 0 0 0 0 0 0 0 0 0 0 0 0 0 0 0 0
tl 0 0 0 0 0 0 0 0 0 0 0 0 0 0 0 0 0 0 0 0 0 0 0 0 0 0 0 0 0
tm 0 0 0 0 0 0 0 0 0 0 0 0 0 0 0 0 0 0 0 0 0 0 0 0 0 0 0 0 0
tn 0 0 0 0 0 0 0 0 0 0 0 0 0 0 0 0 0 0 0 0 0 0 0 0 0 0 0 0 0
to 672 682 0 2004 173 233 1194 1768 2151 0 7363 0 2715 3882 2277 195 0 2589 3129 2304 4458 0 646 33 676 492 155 0 0
tp 0 0 0 0 0 0 0 0 0 0 0 0 0 0 0 0 0 0 0 0 0 0 0 0 0 0 0 0 0
tq 0 0 0 0 0 0 0 0 0 0 0 0 0 0 0 0 0 0 0 0 0 0 0 0 0 0 0 0 0
tr 0 0 0 0 0 0 0 0 0 0 0 0 0 0 0 0 0 0 0 0 0 0 0 0 0 0 0 0 0
ts 0 0 0 0 0 0 0 0 0 0 0 0 0 0 0 0 0 0 0 0 0 0 0 0 0 0 0 0 0
tt 10754 0 0 0 13986 0 0 0 983 0 0 0 0 0 3197 0 0 0 0 0 272 0 0 0 1086 0 0 0 0
tu 409 939 0 1331 298 63 854 650 1714 0 5786 0 1826 2215 318 66 0 1251 1173 994 933 0 319 162 1199 337 57 0 0
tv 0 0 0 0 0 0 0 0 0 0 0 0 0 0 0 0 0 0 0 0 0 0 0 0 0 0 0 0 0
tw 0 0 0 0 0 0 0 0 0 0 0 0 0 0 0 0 0 0 0 0 0 0 0 0 0 0 0 0 0
tx 0 0 0 0 0 0 0 0 0 0 0 0 0 0 0 0 0 0 0 0 0 0 0 0 0 0 0 0 0
ty 5013 0 0 0 142 0 0 0 0 0 0 0 0 0 3260 0 0 0 0 0 2018 0 0 0 0 0 0 0 0
tz 0 0 0 0 0 0 0 0 0 0 0 0 0 0 0 0 0 0 0 0 0 0 0 0 0 0 0 0 0
t- 0 0 0 0 0 0 0 0 0 0 0 0 0 0 0 0 0 0 0 0 0 0 0 0 0 0 0 0 0
t, 0 0 0 0 0 0 0 0 0 0 0 0 0 0 0 0 0 0 0 0 0 0 0 0 0 0 0 0 0
t. 0 0 0 0 0 0 0 0 0 0 0 0 0 0 0 0 0 0 0 0 0 0 0 0 0 0 0 0 0
ua 53 14 0 45 10 2 66 15 224 0 202 0 79 323 31 45 0 662 250 306 22 0 20 17 25 28 93 0 0
ub 1238 11 0 0 606 0 0 0 935 0 0 0 0 0 531 0 0 0 0 0 1639 0 0 0 36 0 0 0 0
uc 0 0 0 0 0 0 0 0 0 0 0 0 0 0 0 0 0 0 0 0 0 0 0 0 0 0 0 0 0
ud 4935 0 0 30 4924 0 0 0 0 0 0 0 0 0 1408 0 0 0 0 0 352 0 0 0 29 0 0 0 0
ue 19 17 0 43 23 46 39 26 198 0 128 0 637 876 13 3 0 131 85 152 1 0 16 13 16 4 25 0 0
uf 43 0 0 0 7 28 0 0 14 0 0 0 0 0 39 0 0 0 0 0 1294 0 0 0 0 0 0 0 0
ug 4986 0 0 0 891 0 66 0 2622 0 0 0 0 0 3755 0 0 0 0 0 626 0 0 0 410 0 0 0 0
uh 5557 0 0 0 407 0 0 32 1451 0 0 0 0 0 1939 0 0 0 0 0 0 0 0 0 139 0 0 0 0
ui 68 89 0 333 180 22 145 193 258 0 1099 0 453 1295 69 46 0 230 560 2284 373 0 121 27 345 173 3 0 0
uj 0 0 0 0 0 0 0 0 0 0 0 0 0 0 0 0 0 0 0 0 0 0 0 0 0 0 0 0 0
uk 13602 0 0 0 3588 0 0 0 5216 0 784 0 0 0 3866 0 0 0 0 0 4311 0 0 0 1469 0 0 0 0
ul 0 0 0 0 0 0 0 0 0 0 0 0 0 0 0 0 0 0 0 0 0 0 0 0 0 0 0 0 0
um 3569 0 0 0 1988 0 0 0 3301 0 0 0 0 0 3377 0 0 0 0 0 781 0 0 0 31 0 0 0 0
un 9000 236 0 1959 3285 47 364 266 5960 0 795 0 361 901 8664 49 0 137 471 558 175 0 126 21 546 245 0 0 0
uo 10 54 0 32 6 25 17 131 78 0 376 0 276 515 213 10 0 159 519 310 126 0 178 19 72 31 53 0 0
up 222 0 0 0 176 0 0 0 88 0 0 0 0 0 179 152 0 0 0 0 175 0 0 0 6 0 0 0 0
uq 0 0 0 0 0 0 0 0 0 0 0 0 0 0 0 0 0 0 0 0 0 0 0 0 0 0 0 0 0
ur 4531 0 0 0 3753 0 0 0 3863 0 0 0 0 0 1703 0 0 15 0 0 5506 0 0 0 1360 0 0 0 0
us 4207 0 0 0 2292 0 0 0 8448 0 0 0 0 0 1711 0 0 0 326 0 3370 0 0 0 2504 0 0 0 0
ut 3487 0 0 0 3110 0 0 0 1849 0 0 0 0 0 6940 0 0 0 0 2436 2482 0 0 0 1690 0 0 0 0
uu 80 236 0 771 89 95 809 541 284 0 1583 0 561 1738 160 27 0 692 1476 831 882 0 200 30 199 547 1 0 0
uv 1 0 0 0 0 0 0 0 0 0 0 0 0 0 0 0 0 0 0 0 0 0 0 0 0 0 0 0 0
uw 2354 0 0 0 16 0 0 0 3 0 0 0 0 0 1585 0 0 0 0 0 0 0 0 0 0 0 0 0 0
ux 9 0 0 0 2 0 0 0 2 0 0 0 0 0 0 0 0 0 0 528 98 0 0 0 0 0 0 0 0
uy 2450 0 0 0 0 0 0 0 0 0 0 0 0 0 4638 0 0 0 0 0 512 0 0 0 13 0 0 0 0
uz 337 0 0 0 715 0 0 0 2355 0 0 0 0 0 685 0 0 0 0 0 1202 0 0 0 1520 68 0 0 0
u- 10 28 0 56 2 6 10 25 7 0 57 0 91 142 6 206 0 285 332 154 1 0 9 4 10 71 0 0 0
u, 0 0 0 0 0 0 0 0 0 0 0 0 0 0 0 0 0 0 0 0 0 0 0 0 0 0 0 0 0
u. 0 0 0 0 0 0 0 0 0 0 0 0 0 0 0 0 0 0 0 0 0 0 0 0 0 0 0 0 0
va 0 0 0 0 0 0 0 0 3 0 0 0 0 1 0 0 0 0 0 0 0 0 0 0 0 0 0 0 0
vb 0 0 0 0 0 0 0 0 0 0 0 0 0 0 0 0 0 0 0 0 0 0 0 0 0 0 0 0 0
vc 0 0 0 0 0 0 0 0 0 0 0 0 0 0 0 0 0 0 0 0 0 0 0 0 0 0 0 0 0
vd 0 0 0 0 0 0 0 0 0 0 0 0 0 0 0 0 0 0 0 0 0 0 0 0 0 0 0 0 0
ve 0 0 0 0 0 0 0 0 0 0 0 0 0 1 0 0 0 1 0 0 0 0 0 0 0 0 2 0 0
vf 0 0 0 0 0 0 0 0 0 0 0 0 0 0 0 0 0 0 0 0 0 0 0 0 0 0 0 0 0
vg 0 0 0 0 0 0 0 0 0 0 0 0 0 0 0 0 0 0 0 0 0 0 0 0 0 0 0 0 0
vh 0 0 0 0 0 0 0 0 0 0 0 0 0 0 0 0 0 0 0 0 0 0 0 0 0 0 0 0 0
vi 0 0 0 1 0 0 0 0 0 0 0 0 0 0 0 0 0 0 0 0 0 1 0 0 0 0 0 0 0
vj 0 0 0 0 0 0 0 0 0 0 0 0 0 0 0 0 0 0 0 0 0 0 0 0 0 0 0 0 0
vk 0 0 0 0 0 0 0 0 0 0 0 0 0 0 0 0 0 0 0 0 0 0 0 0 0 0 0 0 0
vl 0 0 0 0 0 0 0 0 0 0 0 0 0 0 0 0 0 0 0 0 0 0 0 0 0 0 0 0 0
vm 0 0 0 0 0 0 0 0 0 0 0 0 0 0 0 0 0 0 0 0 0 0 0 0 0 0 0 0 0
vn 0 0 0 0 0 0 0 0 0 0 0 0 0 0 0 0 0 0 0 0 0 0 0 0 0 0 0 0 0
vo 0 0 0 0 0 0 0 0 0 0 0 0 0 0 0 0 0 0 0 0 0 0 0 0 0 0 0 0 0
vp 0 0 0 0 0 0 0 0 0 0 0 0 0 0 0 0 0 0 0 0 0 0 0 0 0 0 0 0 0
vq 0 0 0 0 0 0 0 0 0 0 0 0 0 0 0 0 0 0 0 0 0 0 0 0 0 0 0 0 0
vr 0 0 0 0 0 0 0 0 0 0 0 0 0 0 0 0 0 0 0 0 0 0 0 0 0 0 0 0 0
vs 0 0 0 0 0 0 0 0 0 0 0 0 0 0 0 0 0 0 0 0 0 0 0 0 0 0 0 0 0
vt 0 0 0 0 0 0 0 0 0 0 0 0 0 0 0 0 0 0 0 0 0 0 0 0 0 0 0 0 0
vu 0 0 0 0 0 0 0 1 2 0 3 0 1 2 0 0 0 0 0 0 1 0 0 0 1 1 0 0 0
vv 0 0 0 0 0 0 0 0 0 0 0 0 0 0 0 0 0 0 0 0 0 0 0 0 0 0 0 0 0
vw 0 0 0 0 0 0 0 0 0 0 0 0 0 0 0 0 0 0 0 0 0 0 0 0 0 0 0 0 0
vx 0 0 0 0 0 0 0 0 0 0 0 0 0 0 0 0 0 0 0 0 0 0 0 0 0 0 0 0 0
vy 0 0 0 0 0 0 0 0 0 0 0 0 0 0 0 0 0 0 0 0 0 0 0 0 0 0 0 0 0
vz 0 0 0 0 0 0 0 0 0 0 0 0 0 0 0 0 0 0 0 0 0 0 0 0 0 0 0 0 0
v- 0 0 0 0 0 0 0 0 0 0 0 0 0 0 0 0 0 0 0 0 0 0 0 0 0 0 0 0 0
v, 0 0 0 0 0 0 0 0 0 0 0 0 0 0 0 0 0 0 0 0 0 0 0 0 0 0 0 0 0
v. 0 0 0 0 0 0 0 0 0 0 0 0 0 0 0 0 0 0 0 0 0 0 0 0 0 0 0 0 0
wa 233 61 0 256 131 60 347 107 2174 0 2453 0 213 1033 76 9 0 2811 1753 3337 45 1 139 219 276 312 328 0 0
wb 0 0 0 0 0 0 0 0 0 0 0 0 0 0 0 0 0 0 0 0 0 0 0 0 0 0 0 0 0
wc 0 0 0 0 0 0 0 0 0 0 0 0 0 0 0 0 0 0 0 0 0 0 0 0 0 0 0 0 0
wd 0 0 0 0 0 0 0 0 0 0 0 0 0 0 0 0 0 0 0 0 0 0 0 0 0 0 0 0 0
we 19 0 0 1 0 0 0 0 15 0 0 0 0 0 0 0 0 0 0 2 0 0 0 0 0 0 5 0 0
wf 0 0 0 0 0 0 0 0 0 0 0 0 0 0 0 0 0 0 0 0 0 0 0 0 0 0 0 0 0
wg 0 0 0 0 0 0 0 0 0 0 0 0 0 0 0 0 0 0 0 0 0 0 0 0 0 0 0 0 0
wh 0 0 0 0 0 0 0 0 0 0 0 0 0 0 0 0 0 0 0 0 0 0 0 0 0 0 0 0 0
wi 0 0 0 1 0 0 0 0 0 0 1 0 0 7 0 0 0 10 2 0 0 0 0 0 0 1 8 0 0
wj 0 0 0 0 0 0 0 0 0 0 0 0 0 0 0 0 0 0 0 0 0 0 0 0 0 0 0 0 0
wk 0 0 0 0 0 0 0 0 0 0 0 0 0 0 0 0 0 0 0 0 0 0 0 0 0 0 0 0 0
wl 0 0 0 0 0 0 0 0 0 0 0 0 0 0 0 0 0 0 0 0 0 0 0 0 0 0 0 0 0
wm 0 0 0 0 0 0 0 0 0 0 0 0 0 0 0 0 0 0 0 0 0 0 0 0 0 0 0 0 0
wn 0 0 0 0 0 0 0 0 0 0 0 0 0 0 0 0 0 0 0 0 0 0 0 0 0 0 0 0 0
wo 220 113 0 282 118 103 84 392 304 0 1114 0 923 367 397 31 0 81 1031 1382 161 0 86 4 275 126 38 0 0
wp 0 0 0 0 0 0 0 0 0 0 0 0 0 0 0 0 0 0 0 0 0 0 0 0 0 0 0 0 0
wq 0 0 0 0 0 0 0 0 0 0 0 0 0 0 0 0 0 0 0 0 0 0 0 0 0 0 0 0 0
wr 0 0 0 0 0 0 0 0 0 0 0 0 0 0 0 0 0 0 0 0 0 0 0 0 0 0 0 0 0
ws 0 0 0 0 0 0 0 0 0 0 0 0 0 0 0 0 0 0 0 0 0 0 0 0 0 0 0 0 0
wt 0 0 0 0 0 0 0 0 0 0 0 0 0 0 0 0 0 0 0 0 0 0 0 0 0 0 0 0 0
wu 0 0 0 0 0 0 0 0 0 0 0 0 0 0 0 0 0 0 0 0 0 0 0 0 0 0 0 0 0
wv 0 0 0 0 0 0 0 0 0 0 0 0 0 0 0 0 0 0 0 0 0 0 0 0 0 0 0 0 0
ww 0 0 0 0 0 0 0 0 0 0 0 0 0 0 0 0 0 0 0 0 0 0 0 0 0 0 0 0 0
wx 0 0 0 0 0 0 0 0 0 0 0 0 0 0 0 0 0 0 0 0 0 0 0 0 0 0 0 0 0
wy 0 0 0 0 0 0 0 0 0 0 0 0 0 0 0 0 0 0 0 0 0 0 0 0 0 0 0 0 0
wz 0 0 0 0 0 0 0 0 0 0 0 0 0 0 0 0 0 0 0 0 0 0 0 0 0 0 0 0 0
w- 0 0 0 0 0 0 0 0 0 0 0 0 0 0 0 0 0 0 0 0 0 0 0 0 0 0 0 0 0
w, 0 0 0 0 0 0 0 0 0 0 0 0 0 0 0 0 0 0 0 0 0 0 0 0 0 0 0 0 0
w. 0 0 0 0 0 0 0 0 0 0 0 0 0 0 0 0 0 0 0 0 0 0 0 0 0 0 0 0 0
xa 83 19 0 44 38 18 20 57 105 0 124 0 81 111 52 2 0 15 140 132 33 0 35 31 35 41 62 0 0
xb 0 0 0 0 0 0 0 0 0 0 0 0 0 0 0 0 0 0 0 0 0 0 0 0 0 0 0 0 0
xc 0 0 0 0 0 0 0 0 0 0 0 0 0 0 0 0 0 0 0 0 0 0 0 0 0 0 0 0 0
xd 0 0 0 0 0 0 0 0 0 0 0 0 0 0 0 0 0 0 0 0 0 0 0 0 0 0 0 0 0
xe 6 2 0 12 20 2 3 20 15 0 45 0 12 66 8 3 0 5 32 22 6 0 7 3 41 20 0 0 0
xf 0 0 0 0 0 0 0 0 0 0 0 0 0 0 0 0 0 0 0 0 0 0 0 0 0 0 0 0 0
xg 0 0 0 0 0 0 0 0 0 0 0 0 0 0 0 0 0 0 0 0 0 0 0 0 0 0 0 0 0
xh 0 0 0 0 0 0 0 0 0 0 0 0 0 0 0 0 0 0 0 0 0 0 0 0 0 0 0 0 0
xi 0 0 0 0 0 0 0 0 0 0 0 0 0 0 0 0 0 0 0 0 0 0 0 0 0 0 2 0 0
xj 0 0 0 0 0 0 0 0 0 0 0 0 0 0 0 0 0 0 0 0 0 0 0 0 0 0 0 0 0
xk 0 0 0 0 0 0 0 0 0 0 0 0 0 0 0 0 0 0 0 0 0 0 0 0 0 0 0 0 0
xl 0 0 0 0 0 0 0 0 0 0 0 0 0 0 0 0 0 0 0 0 0 0 0 0 0 0 0 0 0
xm 0 0 0 0 0 0 0 0 0 0 0 0 0 0 0 0 0 0 0 0 0 0 0 0 0 0 0 0 0
xn 0 0 0 0 0 0 0 0 0 0 0 0 0 0 0 0 0 0 0 0 0 0 0 0 0 0 0 0 0
xo 4 2 0 4 0 1 1 6 3 0 7 0 8 5 4 0 0 4 10 6 1 0 0 1 1 1 0 0 0
xp 0 0 0 0 0 0 0 0 0 0 0 0 0 0 0 0 0 0 0 0 0 0 0 0 0 0 0 0 0
xq 0 0 0 0 0 0 0 0 0 0 0 0 0 0 0 0 0 0 0 0 0 0 0 0 0 0 0 0 0
xr 0 0 0 0 0 0 0 0 0 0 0 0 0 0 0 0 0 0 0 0 0 0 0 0 0 0 0 0 0
xs 0 0 0 0 0 0 0 0 0 0 0 0 0 0 0 0 0 0 0 0 0 0 0 0 0 0 0 0 0
xt 0 0 0 0 0 0 0 0 0 0 0 0 0 0 0 0 0 0 0 0 2515 0 0 0 0 0 0 0 0
xu 4 1 0 5 0 1 3 7 1 0 7 0 1 17 1 2 0 2 17 9 7 0 2 2 4 2 0 0 0
xv 0 0 0 0 0 0 0 0 0 0 0 0 0 0 0 0 0 0 0 0 0 0 0 0 0 0 0 0 0
xw 0 0 0 0 0 0 0 0 0 0 0 0 0 0 0 0 0 0 0 0 0 0 0 0 0 0 0 0 0
xx 0 0 0 0 0 0 0 0 0 0 0 0 0 0 0 0 0 0 0 0 0 0 0 0 0 0 0 0 0
xy 0 0 0 0 0 0 0 0 0 0 0 0 0 0 0 0 0 0 0 0 17 0 0 0 0 0 0 0 0
xz 0 0 0 0 0 0 0 0 0 0 0 0 0 0 0 0 0 0 0 0 0 0 0 0 0 0 0 0 0
x- 0 0 0 0 0 0 0 0 0 0 0 0 0 0 0 0 0 0 0 0 0 0 0 0 0 0 0 0 0
x, 0 0 0 0 0 0 0 0 0 0 0 0 0 0 0 0 0 0 0 0 0 0 0 0 0 0 0 0 0
x. 0 0 0 0 0 0 0 0 0 0 0 0 0 0 0 0 0 0 0 0 0 0 0 0 0 0 0 0 0
ya 772 891 0 982 134 72 482 529 1168 0 4185 0 2043 6597 287 678 0 2197 3577 3058 544 0 238 155 245 245 330 0 0
yb 0 0 0 0 0 0 0 0 0 0 0 0 0 0 0 0 0 0 0 0 0 0 0 0 0 0 0 0 0
yc 0 0 0 0 0 0 0 0 0 0 0 0 0 0 0 0 0 0 0 0 0 0 0 0 0 0 0 0 0
yd 0 0 0 0 0 0 0 0 0 0 0 0 0 0 0 0 0 0 0 0 0 0 0 0 0 0 0 0 0
ye 9 0 0 1 0 9 1 1 19 0 132 0 0 21 0 0 0 39 10 14 0 0 0 0 0 0 16 0 0
yf 0 0 0 0 0 0 0 0 0 0 0 0 0 0 0 0 0 0 0 0 0 0 0 0 0 0 0 0 0
yg 0 0 0 0 0 0 0 0 0 0 0 0 0 0 0 0 0 0 0 0 0 0 0 0 0 0 0 0 0
yh 0 0 0 0 0 0 0 0 0 0 0 0 0 0 0 0 0 0 0 0 0 0 0 0 0 0 0 0 0
yi 36 3 0 32 7 2 25 3 10 0 55 0 20 49 6 2 0 11 82 15 3 0 6 2 7 52 83 0 0
yj 0 0 0 0 0 0 0 0 0 0 0 0 0 0 0 0 0 0 0 0 0 0 0 0 0 0 0 0 0
yk 0 0 0 0 0 0 0 0 0 0 0 0 0 0 0 0 0 0 0 0 0 0 0 0 0 0 0 0 0
yl 0 0 0 0 0 0 0 0 0 0 0 0 0 0 0 0 0 0 0 0 0 0 0 0 0 0 0 0 0
ym 0 0 0 0 0 0 0 0 0 0 0 0 0 0 0 0 0 0 0 0 0 0 0 0 0 0 0 0 0
yn 0 0 0 0 0 0 0 0 0 0 0 0 0 0 0 0 0 0 0 0 0 0 0 0 0 0 0 0 0
yo 181 339 0 301 230 44 307 343 1105 0 5060 0 742 3726 326 152 0 2027 1866 1696 23689 0 225 148 529 194 1656 0 0
yp 0 0 0 0 0 0 0 0 0 0 0 0 0 0 0 0 0 0 0 0 0 0 0 0 0 0 0 0 0
yq 0 0 0 0 0 0 0 0 0 0 0 0 0 0 0 0 0 0 0 0 0 0 0 0 0 0 0 0 0
yr 0 0 0 0 0 0 0 0 0 0 0 0 0 0 0 0 0 0 0 0 0 0 0 0 0 0 0 0 0
ys 0 0 0 0 0 0 0 0 0 0 0 0 0 0 0 0 0 0 0 0 0 0 0 0 0 0 0 0 0
yt 0 0 0 0 0 0 0 0 0 0 0 0 0 0 0 0 0 0 0 0 0 0 0 0 0 0 0 0 0
yu 118 106 0 144 43 35 278 66 129 0 1394 0 489 990 43 81 0 512 354 786 8410 0 59 10 72 201 690 0 0
yv 0 0 0 0 0 0 0 0 0 0 0 0 0 0 0 0 0 0 0 0 0 0 0 0 0 0 0 0 0
yw 0 0 0 0 0 0 0 0 0 0 0 0 0 0 0 0 0 0 0 0 0 0 0 0 0 0 0 0 0
yx 0 0 0 0 0 0 0 0 0 0 0 0 0 0 0 0 0 0 0 0 0 0 0 0 0 0 0 0 0
yy 28 0 0 0 0 0 0 0 0 0 0 0 0 0 24 0 0 0 0 0 17 0 0 0 0 0 0 0 0
yz 0 0 0 0 0 0 0 0 0 0 0 0 0 0 0 0 0 0 0 0 0 0 0 0 0 0 0 0 0
y- 0 0 0 0 0 0 0 0 0 0 0 0 0 0 0 0 0 0 0 0 0 0 0 0 0 0 0 0 0
y, 0 0 0 0 0 0 0 0 0 0 0 0 0 0 0 0 0 0 0 0 0 0 0 0 0 0 0 0 0
y. 0 0 0 0 0 0 0 0 0 0 0 0 0 0 0 0 0 0 0 0 0 0 0 0 0 0 0 0 0
za 4 19 0 29 16 1 17 26 2494 0 271 0 228 372 9 2 0 163 214 146 7 0 131 0 22 8 65 0 0
zb 0 0 0 0 0 0 0 0 0 0 0 0 0 0 0 0 0 0 0 0 0 0 0 0 0 0 0 0 0
zc 0 0 0 0 0 0 0 0 0 0 0 0 0 0 0 0 0 0 0 0 0 0 0 0 0 0 0 0 0
zd 0 0 0 0 0 0 0 0 0 0 0 0 0 0 0 0 0 0 0 0 0 0 0 0 0 0 0 0 0
ze 20 21 0 79 26 13 92 445 151 0 178 0 99 2182 26 13 0 871 83 519 12 0 28 20 46 12 2 0 0
zf 0 0 0 0 0 0 0 0 0 0 0 0 0 0 0 0 0 0 0 0 0 0 0 0 0 0 0 0 0
zg 0 0 0 0 0 0 0 0 0 0 0 0 0 0 0 0 0 0 0 0 0 0 0 0 0 0 0 0 0
zh 0 0 0 0 0 0 0 0 0 0 0 0 0 0 0 0 0 0 0 0 0 0 0 0 0 0 0 0 0
zi 112 725 0 951 57 138 412 321 212 0 2428 0 1486 2365 182 51 0 393 1040 1561 65 0 182 11 271 215 46 0 0
zj 0 0 0 0 0 0 0 0 0 0 0 0 0 0 0 0 0 0 0 0 0 0 0 0 0 0 0 0 0
zk 0 0 0 0 0 0 0 0 0 0 0 0 0 0 0 0 0 0 0 0 0 0 0 0 0 0 0 0 0
zl 0 0 0 0 0 0 0 0 0 0 0 0 0 0 0 0 0 0 0 0 0 0 0 0 0 0 0 0 0
zm 0 0 0 0 0 0 0 0 0 0 0 0 0 0 0 0 0 0 0 0 0 0 0 0 0 0 0 0 0
zn 0 0 0 0 0 0 0 0 0 0 0 0 0 0 0 0 0 0 0 0 0 0 0 0 0 0 0 0 0
zo 7 5 0 30 28 6 16 16 47 0 458 0 93 180 40 1 0 76 37 109 559 0 10 15 28 12 11 0 0
zp 0 0 0 0 0 0 0 0 0 0 0 0 0 0 0 0 0 0 0 0 0 0 0 0 0 0 0 0 0
zq 0 0 0 0 0 0 0 0 0 0 0 0 0 0 0 0 0 0 0 0 0 0 0 0 0 0 0 0 0
zr 0 0 0 0 0 0 0 0 0 0 0 0 0 0 0 0 0 0 0 0 0 0 0 0 0 0 0 0 0
zs 0 0 0 0 0 0 0 0 0 0 0 0 0 0 0 0 0 0 0 0 0 0 0 0 0 0 0 0 0
zt 0 0 0 0 0 0 0 0 0 0 0 0 0 0 0 0 0 0 0 0 0 0 0 0 0 0 0 0 0
zu 51 64 0 147 39 22 173 183 139 0 679 0 309 482 111 13 0 341 880 480 53 0 45 1 71 35 9 0 0
zv 0 0 0 0 0 0 0 0 0 0 0 0 0 0 0 0 0 0 0 0 0 0 0 0 0 0 0 0 0
zw 0 0 0 0 0 0 0 0 0 0 0 0 0 0 0 0 0 0 0 0 0 0 0 0 0 0 0 0 0
zx 0 0 0 0 0 0 0 0 0 0 0 0 0 0 0 0 0 0 0 0 0 0 0 0 0 0 0 0 0
zy 3078 0 0 0 98 0 0 0 0 0 0 0 0 0 4043 0 0 0 0 0 1910 0 0 0 0 0 0 0 0
zz 0 0 0 0 16 0 0 0 46 0 0 0 0 0 4 0 0 0 0 0 56 0 0 0 13 0 0 0 0
z- 0 0 0 0 0 0 0 0 0 0 0 0 0 0 0 0 0 0 0 0 0 0 0 0 0 0 0 0 0
z, 0 0 0 0 0 0 0 0 0 0 0 0 0 0 0 0 0 0 0 0 0 0 0 0 0 0 0 0 0
z. 0 0 0 0 0 0 0 0 0 0 0 0 0 0 0 0 0 0 0 0 0 0 0 0 0 0 0 0 0
-a 7 7 0 0 2 0 6 1 10 0 11 0 4 19 6 6 0 120 27 27 2 0 0 1 3 2 22 0 0
-b 99 0 0 0 34 0 0 0 72 0 0 0 0 0 50 0 0 0 0 0 88 0 0 0 0 0 0 0 0
-c 0 0 0 0 0 0 0 0 0 0 0 0 0 0 0 0 0 0 0 0 0 0 0 0 0 0 0 0 0
-d 177 0 0 1 283 0 0 0 0 0 0 0 0 0 589 0 0 0 0 0 3 0 0 0 58 0 0 0 0
-e 0 0 0 2 1 0 3 1 5 0 4 0 79 14 0 0 0 7 9 1 0 0 0 0 0 0 4 0 0
-f 5 0 0 0 10 0 0 0 4 0 0 0 0 0 5 0 0 0 0 0 99 0 0 0 0 0 0 0 0
-g 219 0 0 0 22 0 0 0 5 0 0 0 0 0 121 0 0 0 0 0 79 0 0 0 4 0 0 0 0
-h 260 0 0 0 17 0 0 1 138 0 0 0 0 0 49 0 0 0 0 0 0 0 0 0 2 0 0 0 0
-i 13 4 0 10 8 0 3 7 30 0 43 0 16 30 8 0 0 24 27 52 10 0 10 4 14 5 0 0 0
-j 0 0 0 0 0 0 0 0 0 0 0 0 0 0 0 0 0 0 0 0 0 0 0 0 0 0 0 0 0
-k 359 0 0 0 92 0 0 0 183 0 6 0 0 0 114 0 0 0 0 0 331 0 0 0 87 0 0 0 0
-l 0 0 0 0 0 0 0 0 0 0 0 0 0 0 0 0 0 0 0 0 0 0 0 0 0 0 0 0 0
-m 278 0 0 0 163 0 0 0 65 0 0 0 0 0 134 0 0 0 0 0 599 0 0 0 2 0 0 0 0
-n 333 1 0 46 62 7 27 23 256 0 50 0 21 27 365 5 0 7 42 43 11 1 11 5 13 26 0 0 0
-o 0 7 0 4 0 1 0 24 13 0 23 0 12 36 5 0 0 15 13 13 4 0 1 1 4 1 9 0 0
-p 155 0 0 0 10 0 0 0 24 0 0 0 0 0 18 0 0 0 0 0 186 0 0 0 1 0 0 0 0
-q 0 0 0 0 0 0 0 0 0 0 0 0 0 0 0 0 0 0 0 0 0 0 0 0 0 0 0 0 0
-r 182 0 0 0 43 0 0 0 92 0 0 0 0 0 91 0 0 1 0 0 1112 0 0 0 3 0 0 0 0
-s 257 0 0 0 249 0 0 0 350 0 0 0 0 0 146 0 0 0 9 0 824 0 0 0 239 0 0 0 0
-t 249 0 0 0 84 0 0 0 158 0 0 0 0 0 975 0 0 0 0 89 203 0 0 0 83 0 0 0 0
-u 1 1 0 3 5 0 2 5 2 0 8 0 13 17 2 0 0 7 7 9 1 0 2 1 2 4 3 0 0
-v 0 0 0 0 1 0 0 0 0 0 0 0 0 0 0 0 0 0 0 0 0 0 0 0 0 0 0 0 0
-w 92 0 0 0 4 0 0 0 0 0 0 0 0 0 126 0 0 0 0 0 0 0 0 0 0 0 0 0 0
-x 2 0 0 0 0 0 0 0 0 0 0 0 0 0 0 0 0 0 0 40 0 0 0 0 0 0 0 0 0
-y 80 0 0 0 0 0 0 0 0 0 0 0 0 0 114 0 0 0 0 0 27 0 0 0 0 0 0 0 0
-z 41 0 0 0 31 0 0 0 405 0 0 0 0 0 26 0 0 0 0 0 210 0 0 0 153 1 0 0 0
-- 0 0 0 0 0 0 0 0 0 0 0 0 0 0 0 0 0 0 0 0 0 0 0 0 0 0 0 0 0
-, 0 0 0 0 0 0 0 0 0 0 0 0 0 0 0 0 0 0 0 0 0 0 0 0 0 0 0 0 0
-. 0 0 0 0 0 0 0 0 0 0 0 0 0 0 0 0 0 0 0 0 0 0 0 0 0 0 0 0 0
,a 0 0 0 0 0 0 0 0 0 0 0 0 0 0 0 0 0 0 0 0 0 0 0 0 0 0 0 0 0
,b 0 0 0 0 0 0 0 0 0 0 0 0 0 0 0 0 0 0 0 0 0 0 0 0 0 0 0 0 0
,c 0 0 0 0 0 0 0 0 0 0 0 0 0 0 0 0 0 0 0 0 0 0 0 0 0 0 0 0 0
,d 0 0 0 0 0 0 0 0 0 0 0 0 0 0 0 0 0 0 0 0 0 0 0 0 0 0 0 0 0
,e 0 0 0 0 0 0 0 0 0 0 0 0 0 0 0 0 0 0 0 0 0 0 0 0 0 0 0 0 0
,f 0 0 0 0 0 0 0 0 0 0 0 0 0 0 0 0 0 0 0 0 0 0 0 0 0 0 0 0 0
,g 0 0 0 0 0 0 0 0 0 0 0 0 0 0 0 0 0 0 0 0 0 0 0 0 0 0 0 0 0
,h 0 0 0 0 0 0 0 0 0 0 0 0 0 0 0 0 0 0 0 0 0 0 0 0 0 0 0 0 0
,i 0 0 0 0 0 0 0 0 0 0 0 0 0 0 0 0 0 0 0 0 0 0 0 0 0 0 0 0 0
,j 0 0 0 0 0 0 0 0 0 0 0 0 0 0 0 0 0 0 0 0 0 0 0 0 0 0 0 0 0
,k 0 0 0 0 0 0 0 0 0 0 0 0 0 0 0 0 0 0 0 0 0 0 0 0 0 0 0 0 0
,l 0 0 0 0 0 0 0 0 0 0 0 0 0 0 0 0 0 0 0 0 0 0 0 0 0 0 0 0 0
,m 0 0 0 0 0 0 0 0 0 0 0 0 0 0 0 0 0 0 0 0 0 0 0 0 0 0 0 0 0
,n 0 0 0 0 0 0 0 0 0 0 0 0 0 0 0 0 0 0 0 0 0 0 0 0 0 0 0 0 0
,o 0 0 0 0 0 0 0 0 0 0 0 0 0 0 0 0 0 0 0 0 0 0 0 0 0 0 0 0 0
,p 0 0 0 0 0 0 0 0 0 0 0 0 0 0 0 0 0 0 0 0 0 0 0 0 0 0 0 0 0
,q 0 0 0 0 0 0 0 0 0 0 0 0 0 0 0 0 0 0 0 0 0 0 0 0 0 0 0 0 0
,r 0 0 0 0 0 0 0 0 0 0 0 0 0 0 0 0 0 0 0 0 0 0 0 0 0 0 0 0 0
,s 0 0 0 0 0 0 0 0 0 0 0 0 0 0 0 0 0 0 0 0 0 0 0 0 0 0 0 0 0
,t 0 0 0 0 0 0 0 0 0 0 0 0 0 0 0 0 0 0 0 0 0 0 0 0 0 0 0 0 0
,u 0 0 0 0 0 0 0 0 0 0 0 0 0 0 0 0 0 0 0 0 0 0 0 0 0 0 0 0 0
,v 0 0 0 0 0 0 0 0 0 0 0 0 0 0 0 0 0 0 0 0 0 0 0 0 0 0 0 0 0
,w 0 0 0 0 0 0 0 0 0 0 0 0 0 0 0 0 0 0 0 0 0 0 0 0 0 0 0 0 0
,x 0 0 0 0 0 0 0 0 0 0 0 0 0 0 0 0 0 0 0 0 0 0 0 0 0 0 0 0 0
,y 0 0 0 0 0 0 0 0 0 0 0 0 0 0 0 0 0 0 0 0 0 0 0 0 0 0 0 0 0
,z 0 0 0 0 0 0 0 0 0 0 0 0 0 0 0 0 0 0 0 0 0 0 0 0 0 0 0 0 0
,- 0 0 0 0 0 0 0 0 0 0 0 0 0 0 0 0 0 0 0 0 0 0 0 0 0 0 0 0 0
,, 0 0 0 0 0 0 0 0 0 0 0 0 0 0 0 0 0 0 0 0 0 0 0 0 0 0 0 0 1
,. 0 0 0 0 0 0 0 0 0 0 0 0 0 0 0 0 0 0 0 0 0 0 0 0 0 0 0 0 0
.a 0 0 0 0 0 0 0 0 0 0 0 0 0 0 0 0 0 0 0 0 0 0 0 0 0 0 0 0 0
.b 0 0 0 0 0 0 0 0 0 0 0 0 0 0 0 0 0 0 0 0 0 0 0 0 0 0 0 0 0
.c 0 0 0 0 0 0 0 0 0 0 0 0 0 0 0 0 0 0 0 0 0 0 0 0 0 0 0 0 0
.d 0 0 0 0 0 0 0 0 0 0 0 0 0 0 0 0 0 0 0 0 0 0 0 0 0 0 0 0 0
.e 0 0 0 0 0 0 0 0 0 0 0 0 0 0 0 0 0 0 0 0 0 0 0 0 0 0 0 0 0
.f 0 0 0 0 0 0 0 0 0 0 0 0 0 0 0 0 0 0 0 0 0 0 0 0 0 0 0 0 0
.g 0 0 0 0 0 0 0 0 0 0 0 0 0 0 0 0 0 0 0 0 0 0 0 0 0 0 0 0 0
.h 0 0 0 0 0 0 0 0 0 0 0 0 0 0 0 0 0 0 0 0 0 0 0 0 0 0 0 0 0
.i 0 0 0 0 0 0 0 0 0 0 0 0 0 0 0 0 0 0 0 0 0 0 0 0 0 0 0 0 0
.j 0 0 0 0 0 0 0 0 0 0 0 0 0 0 0 0 0 0 0 0 0 0 0 0 0 0 0 0 0
.k 0 0 0 0 0 0 0 0 0 0 0 0 0 0 0 0 0 0 0 0 0 0 0 0 0 0 0 0 0
.l 0 0 0 0 0 0 0 0 0 0 0 0 0 0 0 0 0 0 0 0 0 0 0 0 0 0 0 0 0
.m 0 0 0 0 0 0 0 0 0 0 0 0 0 0 0 0 0 0 0 0 0 0 0 0 0 0 0 0 0
.n 0 0 0 0 0 0 0 0 0 0 0 0 0 0 0 0 0 0 0 0 0 0 0 0 0 0 0 0 0
.o 0 0 0 0 0 0 0 0 0 0 0 0 0 0 0 0 0 0 0 0 0 0 0 0 0 0 0 0 0
.p 0 0 0 0 0 0 0 0 0 0 0 0 0 0 0 0 0 0 0 0 0 0 0 0 0 0 0 0 0
.q 0 0 0 0 0 0 0 0 0 0 0 0 0 0 0 0 0 0 0 0 0 0 0 0 0 0 0 0 0
.r 0 0 0 0 0 0 0 0 0 0 0 0 0 0 0 0 0 0 0 0 0 0 0 0 0 0 0 0 0
.s 0 0 0 0 0 0 0 0 0 0 0 0 0 0 0 0 0 0 0 0 0 0 0 0 0 0 0 0 0
.t 0 0 0 0 0 0 0 0 0 0 0 0 0 0 0 0 0 0 0 0 0 0 0 0 0 0 0 0 0
.u 0 0 0 0 0 0 0 0 0 0 0 0 0 0 0 0 0 0 0 0 0 0 0 0 0 0 0 0 0
.v 0 0 0 0 0 0 0 0 0 0 0 0 0 0 0 0 0 0 0 0 0 0 0 0 0 0 0 0 0
.w 0 0 0 0 0 0 0 0 0 0 0 0 0 0 0 0 0 0 0 0 0 0 0 0 0 0 0 0 0
.x 0 0 0 0 0 0 0 0 0 0 0 0 0 0 0 0 0 0 0 0 0 0 0 0 0 0 0 0 0
.y 0 0 0 0 0 0 0 0 0 0 0 0 0 0 0 0 0 0 0 0 0 0 0 0 0 0 0 0 0
.z 0 0 0 0 0 0 0 0 0 0 0 0 0 0 0 0 0 0 0 0 0 0 0 0 0 0 0 0 0
.- 0 0 0 0 0 0 0 0 0 0 0 0 0 0 0 0 0 0 0 0 0 0 0 0 0 0 0 0 0
., 0 0 0 0 0 0 0 0 0 0 0 0 0 0 0 0 0 0 0 0 0 0 0 0 0 0 0 0 0
.. 0 0 0 0 0 0 0 0 0 0 0 0 0 0 0 0 0 0 0 0 0 0 0 0 0 0 0 0 0
